id,window,forward_repeat_number,reverse_repeat_number,telomeric_repeat
scaffold_1,10000,1,10,TTTAGGG
scaffold_1,20000,0,0,TTTAGGG
scaffold_1,30000,0,0,TTTAGGG
scaffold_1,40000,0,0,TTTAGGG
scaffold_1,50000,1,0,TTTAGGG
scaffold_1,60000,0,1,TTTAGGG
scaffold_1,70000,0,1,TTTAGGG
scaffold_1,80000,0,0,TTTAGGG
scaffold_1,90000,0,0,TTTAGGG
scaffold_1,100000,0,0,TTTAGGG
scaffold_1,110000,0,0,TTTAGGG
scaffold_1,120000,0,0,TTTAGGG
scaffold_1,130000,0,0,TTTAGGG
scaffold_1,140000,0,0,TTTAGGG
scaffold_1,150000,0,0,TTTAGGG
scaffold_1,160000,0,0,TTTAGGG
scaffold_1,170000,1,2,TTTAGGG
scaffold_1,180000,0,0,TTTAGGG
scaffold_1,190000,1,0,TTTAGGG
scaffold_1,200000,0,1,TTTAGGG
scaffold_1,210000,0,0,TTTAGGG
scaffold_1,220000,0,0,TTTAGGG
scaffold_1,230000,0,2,TTTAGGG
scaffold_1,240000,1,0,TTTAGGG
scaffold_1,250000,0,0,TTTAGGG
scaffold_1,260000,0,0,TTTAGGG
scaffold_1,270000,0,1,TTTAGGG
scaffold_1,280000,0,0,TTTAGGG
scaffold_1,290000,0,0,TTTAGGG
scaffold_1,300000,0,0,TTTAGGG
scaffold_1,310000,0,0,TTTAGGG
scaffold_1,320000,0,3,TTTAGGG
scaffold_1,330000,1,1,TTTAGGG
scaffold_1,340000,1,1,TTTAGGG
scaffold_1,350000,0,0,TTTAGGG
scaffold_1,360000,0,0,TTTAGGG
scaffold_1,370000,0,0,TTTAGGG
scaffold_1,380000,1,0,TTTAGGG
scaffold_1,390000,0,1,TTTAGGG
scaffold_1,400000,0,0,TTTAGGG
scaffold_1,410000,0,0,TTTAGGG
scaffold_1,420000,1,2,TTTAGGG
scaffold_1,430000,0,1,TTTAGGG
scaffold_1,440000,0,0,TTTAGGG
scaffold_1,450000,0,0,TTTAGGG
scaffold_1,460000,0,0,TTTAGGG
scaffold_1,470000,0,0,TTTAGGG
scaffold_1,480000,0,0,TTTAGGG
scaffold_1,490000,1,0,TTTAGGG
scaffold_1,500000,1,0,TTTAGGG
scaffold_1,510000,0,0,TTTAGGG
scaffold_1,520000,1,0,TTTAGGG
scaffold_1,530000,0,0,TTTAGGG
scaffold_1,540000,0,0,TTTAGGG
scaffold_1,550000,0,0,TTTAGGG
scaffold_1,560000,0,0,TTTAGGG
scaffold_1,570000,0,0,TTTAGGG
scaffold_1,580000,1,0,TTTAGGG
scaffold_1,590000,0,0,TTTAGGG
scaffold_1,600000,0,0,TTTAGGG
scaffold_1,610000,0,0,TTTAGGG
scaffold_1,620000,1,0,TTTAGGG
scaffold_1,630000,0,0,TTTAGGG
scaffold_1,640000,0,0,TTTAGGG
scaffold_1,650000,0,0,TTTAGGG
scaffold_1,660000,0,0,TTTAGGG
scaffold_1,670000,0,0,TTTAGGG
scaffold_1,680000,0,0,TTTAGGG
scaffold_1,690000,0,0,TTTAGGG
scaffold_1,700000,1,0,TTTAGGG
scaffold_1,710000,0,0,TTTAGGG
scaffold_1,720000,0,0,TTTAGGG
scaffold_1,730000,1,0,TTTAGGG
scaffold_1,740000,0,0,TTTAGGG
scaffold_1,750000,0,1,TTTAGGG
scaffold_1,760000,0,0,TTTAGGG
scaffold_1,770000,0,0,TTTAGGG
scaffold_1,780000,0,0,TTTAGGG
scaffold_1,790000,1,0,TTTAGGG
scaffold_1,800000,0,0,TTTAGGG
scaffold_1,810000,0,0,TTTAGGG
scaffold_1,820000,0,0,TTTAGGG
scaffold_1,830000,0,0,TTTAGGG
scaffold_1,840000,3,1,TTTAGGG
scaffold_1,850000,0,2,TTTAGGG
scaffold_1,860000,0,0,TTTAGGG
scaffold_1,870000,0,0,TTTAGGG
scaffold_1,880000,0,0,TTTAGGG
scaffold_1,890000,0,0,TTTAGGG
scaffold_1,900000,1,1,TTTAGGG
scaffold_1,910000,1,3,TTTAGGG
scaffold_1,920000,1,0,TTTAGGG
scaffold_1,930000,0,0,TTTAGGG
scaffold_1,940000,0,0,TTTAGGG
scaffold_1,950000,0,0,TTTAGGG
scaffold_1,960000,0,1,TTTAGGG
scaffold_1,970000,0,0,TTTAGGG
scaffold_1,980000,0,0,TTTAGGG
scaffold_1,990000,1,1,TTTAGGG
scaffold_1,1000000,0,0,TTTAGGG
scaffold_1,1010000,0,1,TTTAGGG
scaffold_1,1020000,0,0,TTTAGGG
scaffold_1,1030000,0,0,TTTAGGG
scaffold_1,1040000,0,0,TTTAGGG
scaffold_1,1050000,0,0,TTTAGGG
scaffold_1,1060000,0,0,TTTAGGG
scaffold_1,1070000,0,0,TTTAGGG
scaffold_1,1080000,0,0,TTTAGGG
scaffold_1,1090000,1,0,TTTAGGG
scaffold_1,1100000,0,0,TTTAGGG
scaffold_1,1110000,0,0,TTTAGGG
scaffold_1,1120000,0,0,TTTAGGG
scaffold_1,1130000,0,0,TTTAGGG
scaffold_1,1140000,0,0,TTTAGGG
scaffold_1,1150000,1,0,TTTAGGG
scaffold_1,1160000,0,0,TTTAGGG
scaffold_1,1170000,0,1,TTTAGGG
scaffold_1,1180000,0,0,TTTAGGG
scaffold_1,1190000,0,0,TTTAGGG
scaffold_1,1200000,1,0,TTTAGGG
scaffold_1,1210000,0,0,TTTAGGG
scaffold_1,1220000,1,1,TTTAGGG
scaffold_1,1230000,0,0,TTTAGGG
scaffold_1,1240000,0,0,TTTAGGG
scaffold_1,1250000,0,0,TTTAGGG
scaffold_1,1260000,0,0,TTTAGGG
scaffold_1,1270000,0,0,TTTAGGG
scaffold_1,1280000,0,0,TTTAGGG
scaffold_1,1290000,0,0,TTTAGGG
scaffold_1,1300000,0,1,TTTAGGG
scaffold_1,1310000,0,0,TTTAGGG
scaffold_1,1320000,1,0,TTTAGGG
scaffold_1,1330000,1,0,TTTAGGG
scaffold_1,1340000,0,0,TTTAGGG
scaffold_1,1350000,1,0,TTTAGGG
scaffold_1,1360000,0,0,TTTAGGG
scaffold_1,1370000,1,0,TTTAGGG
scaffold_1,1380000,0,0,TTTAGGG
scaffold_1,1390000,0,0,TTTAGGG
scaffold_1,1400000,0,1,TTTAGGG
scaffold_1,1410000,0,0,TTTAGGG
scaffold_1,1420000,0,0,TTTAGGG
scaffold_1,1430000,1,0,TTTAGGG
scaffold_1,1440000,0,0,TTTAGGG
scaffold_1,1450000,1,0,TTTAGGG
scaffold_1,1460000,0,0,TTTAGGG
scaffold_1,1470000,0,0,TTTAGGG
scaffold_1,1480000,1,1,TTTAGGG
scaffold_1,1490000,0,0,TTTAGGG
scaffold_1,1500000,0,0,TTTAGGG
scaffold_1,1510000,0,0,TTTAGGG
scaffold_1,1520000,0,1,TTTAGGG
scaffold_1,1530000,0,0,TTTAGGG
scaffold_1,1540000,0,0,TTTAGGG
scaffold_1,1550000,0,0,TTTAGGG
scaffold_1,1560000,0,0,TTTAGGG
scaffold_1,1570000,0,0,TTTAGGG
scaffold_1,1580000,0,0,TTTAGGG
scaffold_1,1590000,0,1,TTTAGGG
scaffold_1,1600000,0,0,TTTAGGG
scaffold_1,1610000,0,0,TTTAGGG
scaffold_1,1620000,0,1,TTTAGGG
scaffold_1,1630000,0,0,TTTAGGG
scaffold_1,1640000,2,0,TTTAGGG
scaffold_1,1650000,0,1,TTTAGGG
scaffold_1,1660000,0,0,TTTAGGG
scaffold_1,1670000,1,0,TTTAGGG
scaffold_1,1680000,0,0,TTTAGGG
scaffold_1,1690000,0,0,TTTAGGG
scaffold_1,1700000,0,0,TTTAGGG
scaffold_1,1710000,0,0,TTTAGGG
scaffold_1,1720000,1,1,TTTAGGG
scaffold_1,1730000,0,1,TTTAGGG
scaffold_1,1740000,0,0,TTTAGGG
scaffold_1,1750000,1,0,TTTAGGG
scaffold_1,1760000,0,0,TTTAGGG
scaffold_1,1770000,0,1,TTTAGGG
scaffold_1,1780000,0,0,TTTAGGG
scaffold_1,1790000,0,0,TTTAGGG
scaffold_1,1800000,1,0,TTTAGGG
scaffold_1,1810000,0,0,TTTAGGG
scaffold_1,1820000,2,1,TTTAGGG
scaffold_1,1830000,0,0,TTTAGGG
scaffold_1,1840000,0,0,TTTAGGG
scaffold_1,1850000,0,0,TTTAGGG
scaffold_1,1860000,0,0,TTTAGGG
scaffold_1,1870000,0,0,TTTAGGG
scaffold_1,1880000,0,0,TTTAGGG
scaffold_1,1890000,0,0,TTTAGGG
scaffold_1,1900000,0,0,TTTAGGG
scaffold_1,1910000,0,0,TTTAGGG
scaffold_1,1920000,0,0,TTTAGGG
scaffold_1,1930000,0,0,TTTAGGG
scaffold_1,1940000,0,0,TTTAGGG
scaffold_1,1950000,0,0,TTTAGGG
scaffold_1,1960000,0,0,TTTAGGG
scaffold_1,1970000,0,0,TTTAGGG
scaffold_1,1980000,0,0,TTTAGGG
scaffold_1,1990000,1,1,TTTAGGG
scaffold_1,2000000,0,0,TTTAGGG
scaffold_1,2010000,0,0,TTTAGGG
scaffold_1,2020000,0,0,TTTAGGG
scaffold_1,2030000,1,0,TTTAGGG
scaffold_1,2040000,0,0,TTTAGGG
scaffold_1,2050000,0,2,TTTAGGG
scaffold_1,2060000,0,1,TTTAGGG
scaffold_1,2070000,0,1,TTTAGGG
scaffold_1,2080000,2,0,TTTAGGG
scaffold_1,2090000,0,0,TTTAGGG
scaffold_1,2100000,0,0,TTTAGGG
scaffold_1,2110000,0,0,TTTAGGG
scaffold_1,2120000,0,2,TTTAGGG
scaffold_1,2130000,0,0,TTTAGGG
scaffold_1,2140000,0,0,TTTAGGG
scaffold_1,2150000,0,0,TTTAGGG
scaffold_1,2160000,0,1,TTTAGGG
scaffold_1,2170000,0,0,TTTAGGG
scaffold_1,2180000,1,0,TTTAGGG
scaffold_1,2190000,0,0,TTTAGGG
scaffold_1,2200000,0,0,TTTAGGG
scaffold_1,2210000,1,0,TTTAGGG
scaffold_1,2220000,0,0,TTTAGGG
scaffold_1,2230000,0,0,TTTAGGG
scaffold_1,2240000,0,0,TTTAGGG
scaffold_1,2250000,1,0,TTTAGGG
scaffold_1,2260000,0,0,TTTAGGG
scaffold_1,2270000,0,0,TTTAGGG
scaffold_1,2280000,1,0,TTTAGGG
scaffold_1,2290000,0,0,TTTAGGG
scaffold_1,2300000,0,0,TTTAGGG
scaffold_1,2310000,0,0,TTTAGGG
scaffold_1,2320000,0,1,TTTAGGG
scaffold_1,2330000,0,0,TTTAGGG
scaffold_1,2340000,2,0,TTTAGGG
scaffold_1,2350000,0,0,TTTAGGG
scaffold_1,2360000,0,0,TTTAGGG
scaffold_1,2370000,0,0,TTTAGGG
scaffold_1,2380000,0,1,TTTAGGG
scaffold_1,2390000,0,0,TTTAGGG
scaffold_1,2400000,0,0,TTTAGGG
scaffold_1,2410000,0,0,TTTAGGG
scaffold_1,2420000,0,0,TTTAGGG
scaffold_1,2430000,0,0,TTTAGGG
scaffold_1,2440000,0,0,TTTAGGG
scaffold_1,2450000,0,0,TTTAGGG
scaffold_1,2460000,0,0,TTTAGGG
scaffold_1,2470000,0,1,TTTAGGG
scaffold_1,2480000,0,0,TTTAGGG
scaffold_1,2490000,1,0,TTTAGGG
scaffold_1,2500000,0,0,TTTAGGG
scaffold_1,2510000,0,0,TTTAGGG
scaffold_1,2520000,0,0,TTTAGGG
scaffold_1,2530000,1,0,TTTAGGG
scaffold_1,2540000,1,0,TTTAGGG
scaffold_1,2550000,0,0,TTTAGGG
scaffold_1,2560000,0,0,TTTAGGG
scaffold_1,2570000,1,0,TTTAGGG
scaffold_1,2580000,0,0,TTTAGGG
scaffold_1,2590000,0,0,TTTAGGG
scaffold_1,2600000,0,0,TTTAGGG
scaffold_1,2610000,0,0,TTTAGGG
scaffold_1,2620000,0,0,TTTAGGG
scaffold_1,2630000,0,0,TTTAGGG
scaffold_1,2640000,1,0,TTTAGGG
scaffold_1,2650000,0,1,TTTAGGG
scaffold_1,2660000,1,0,TTTAGGG
scaffold_1,2670000,0,0,TTTAGGG
scaffold_1,2680000,0,0,TTTAGGG
scaffold_1,2690000,0,0,TTTAGGG
scaffold_1,2700000,1,1,TTTAGGG
scaffold_1,2710000,1,0,TTTAGGG
scaffold_1,2720000,0,0,TTTAGGG
scaffold_1,2730000,0,0,TTTAGGG
scaffold_1,2740000,0,1,TTTAGGG
scaffold_1,2750000,0,0,TTTAGGG
scaffold_1,2760000,0,0,TTTAGGG
scaffold_1,2770000,0,0,TTTAGGG
scaffold_1,2780000,0,1,TTTAGGG
scaffold_1,2790000,0,1,TTTAGGG
scaffold_1,2800000,0,0,TTTAGGG
scaffold_1,2810000,0,0,TTTAGGG
scaffold_1,2820000,0,0,TTTAGGG
scaffold_1,2830000,0,0,TTTAGGG
scaffold_1,2840000,0,0,TTTAGGG
scaffold_1,2850000,2,0,TTTAGGG
scaffold_1,2860000,0,0,TTTAGGG
scaffold_1,2870000,1,2,TTTAGGG
scaffold_1,2880000,2,0,TTTAGGG
scaffold_1,2890000,0,0,TTTAGGG
scaffold_1,2900000,2,0,TTTAGGG
scaffold_1,2910000,0,0,TTTAGGG
scaffold_1,2920000,0,0,TTTAGGG
scaffold_1,2930000,0,0,TTTAGGG
scaffold_1,2940000,0,1,TTTAGGG
scaffold_1,2950000,0,0,TTTAGGG
scaffold_1,2960000,0,0,TTTAGGG
scaffold_1,2970000,0,0,TTTAGGG
scaffold_1,2980000,0,0,TTTAGGG
scaffold_1,2990000,0,0,TTTAGGG
scaffold_1,3000000,0,0,TTTAGGG
scaffold_1,3010000,1,3,TTTAGGG
scaffold_1,3020000,1,0,TTTAGGG
scaffold_1,3030000,0,0,TTTAGGG
scaffold_1,3040000,0,1,TTTAGGG
scaffold_1,3050000,0,0,TTTAGGG
scaffold_1,3060000,0,0,TTTAGGG
scaffold_1,3070000,0,0,TTTAGGG
scaffold_1,3080000,0,1,TTTAGGG
scaffold_1,3090000,0,0,TTTAGGG
scaffold_1,3100000,0,0,TTTAGGG
scaffold_1,3110000,0,1,TTTAGGG
scaffold_1,3120000,1,1,TTTAGGG
scaffold_1,3130000,0,0,TTTAGGG
scaffold_1,3140000,0,0,TTTAGGG
scaffold_1,3150000,0,0,TTTAGGG
scaffold_1,3160000,0,0,TTTAGGG
scaffold_1,3170000,0,0,TTTAGGG
scaffold_1,3180000,0,0,TTTAGGG
scaffold_1,3190000,1,0,TTTAGGG
scaffold_1,3200000,0,0,TTTAGGG
scaffold_1,3210000,0,1,TTTAGGG
scaffold_1,3220000,0,0,TTTAGGG
scaffold_1,3230000,0,0,TTTAGGG
scaffold_1,3240000,0,0,TTTAGGG
scaffold_1,3250000,0,0,TTTAGGG
scaffold_1,3260000,1,1,TTTAGGG
scaffold_1,3270000,1,2,TTTAGGG
scaffold_1,3280000,1,0,TTTAGGG
scaffold_1,3290000,0,0,TTTAGGG
scaffold_1,3300000,0,0,TTTAGGG
scaffold_1,3310000,0,0,TTTAGGG
scaffold_1,3320000,0,0,TTTAGGG
scaffold_1,3330000,0,0,TTTAGGG
scaffold_1,3340000,0,0,TTTAGGG
scaffold_1,3350000,0,0,TTTAGGG
scaffold_1,3360000,1,0,TTTAGGG
scaffold_1,3370000,0,0,TTTAGGG
scaffold_1,3380000,0,0,TTTAGGG
scaffold_1,3390000,0,0,TTTAGGG
scaffold_1,3400000,1,0,TTTAGGG
scaffold_1,3410000,0,0,TTTAGGG
scaffold_1,3420000,0,0,TTTAGGG
scaffold_1,3430000,1,1,TTTAGGG
scaffold_1,3440000,0,3,TTTAGGG
scaffold_1,3450000,0,0,TTTAGGG
scaffold_1,3460000,0,0,TTTAGGG
scaffold_1,3470000,0,0,TTTAGGG
scaffold_1,3480000,0,1,TTTAGGG
scaffold_1,3490000,1,0,TTTAGGG
scaffold_1,3500000,1,0,TTTAGGG
scaffold_1,3510000,0,1,TTTAGGG
scaffold_1,3520000,1,0,TTTAGGG
scaffold_1,3530000,0,0,TTTAGGG
scaffold_1,3540000,1,0,TTTAGGG
scaffold_1,3550000,1,0,TTTAGGG
scaffold_1,3560000,0,0,TTTAGGG
scaffold_1,3570000,1,0,TTTAGGG
scaffold_1,3580000,0,0,TTTAGGG
scaffold_1,3590000,2,0,TTTAGGG
scaffold_1,3600000,1,0,TTTAGGG
scaffold_1,3610000,0,0,TTTAGGG
scaffold_1,3620000,0,0,TTTAGGG
scaffold_1,3630000,1,0,TTTAGGG
scaffold_1,3640000,0,0,TTTAGGG
scaffold_1,3650000,0,0,TTTAGGG
scaffold_1,3660000,0,0,TTTAGGG
scaffold_1,3670000,1,0,TTTAGGG
scaffold_1,3680000,0,0,TTTAGGG
scaffold_1,3690000,0,0,TTTAGGG
scaffold_1,3700000,0,0,TTTAGGG
scaffold_1,3710000,0,0,TTTAGGG
scaffold_1,3720000,0,0,TTTAGGG
scaffold_1,3730000,0,0,TTTAGGG
scaffold_1,3740000,0,0,TTTAGGG
scaffold_1,3750000,0,0,TTTAGGG
scaffold_1,3760000,0,0,TTTAGGG
scaffold_1,3770000,1,0,TTTAGGG
scaffold_1,3780000,1,0,TTTAGGG
scaffold_1,3790000,0,0,TTTAGGG
scaffold_1,3800000,0,0,TTTAGGG
scaffold_1,3810000,0,0,TTTAGGG
scaffold_1,3820000,0,0,TTTAGGG
scaffold_1,3830000,0,0,TTTAGGG
scaffold_1,3840000,0,0,TTTAGGG
scaffold_1,3850000,0,0,TTTAGGG
scaffold_1,3860000,0,0,TTTAGGG
scaffold_1,3870000,0,0,TTTAGGG
scaffold_1,3880000,2,0,TTTAGGG
scaffold_1,3890000,0,0,TTTAGGG
scaffold_1,3900000,0,0,TTTAGGG
scaffold_1,3910000,0,0,TTTAGGG
scaffold_1,3920000,1,0,TTTAGGG
scaffold_1,3930000,0,1,TTTAGGG
scaffold_1,3940000,0,0,TTTAGGG
scaffold_1,3950000,0,0,TTTAGGG
scaffold_1,3960000,0,0,TTTAGGG
scaffold_1,3970000,0,0,TTTAGGG
scaffold_1,3980000,0,0,TTTAGGG
scaffold_1,3990000,0,0,TTTAGGG
scaffold_1,4000000,0,1,TTTAGGG
scaffold_1,4010000,0,0,TTTAGGG
scaffold_1,4020000,0,0,TTTAGGG
scaffold_1,4030000,0,1,TTTAGGG
scaffold_1,4040000,0,0,TTTAGGG
scaffold_1,4050000,0,1,TTTAGGG
scaffold_1,4060000,0,0,TTTAGGG
scaffold_1,4070000,0,1,TTTAGGG
scaffold_1,4080000,0,0,TTTAGGG
scaffold_1,4090000,0,0,TTTAGGG
scaffold_1,4100000,0,1,TTTAGGG
scaffold_1,4110000,0,0,TTTAGGG
scaffold_1,4120000,0,0,TTTAGGG
scaffold_1,4130000,0,0,TTTAGGG
scaffold_1,4140000,0,0,TTTAGGG
scaffold_1,4150000,1,0,TTTAGGG
scaffold_1,4160000,0,1,TTTAGGG
scaffold_1,4170000,0,0,TTTAGGG
scaffold_1,4180000,0,0,TTTAGGG
scaffold_1,4190000,0,0,TTTAGGG
scaffold_1,4200000,2,0,TTTAGGG
scaffold_1,4210000,0,0,TTTAGGG
scaffold_1,4220000,0,0,TTTAGGG
scaffold_1,4230000,1,0,TTTAGGG
scaffold_1,4240000,0,0,TTTAGGG
scaffold_1,4250000,0,0,TTTAGGG
scaffold_1,4260000,0,0,TTTAGGG
scaffold_1,4270000,0,0,TTTAGGG
scaffold_1,4280000,0,0,TTTAGGG
scaffold_1,4290000,0,0,TTTAGGG
scaffold_1,4300000,1,0,TTTAGGG
scaffold_1,4310000,0,0,TTTAGGG
scaffold_1,4320000,10,0,TTTAGGG
scaffold_2,10000,0,11,TTTAGGG
scaffold_2,20000,0,0,TTTAGGG
scaffold_2,30000,0,0,TTTAGGG
scaffold_2,40000,0,0,TTTAGGG
scaffold_2,50000,0,0,TTTAGGG
scaffold_2,60000,0,1,TTTAGGG
scaffold_2,70000,0,0,TTTAGGG
scaffold_2,80000,1,1,TTTAGGG
scaffold_2,90000,2,0,TTTAGGG
scaffold_2,100000,1,0,TTTAGGG
scaffold_2,110000,0,0,TTTAGGG
scaffold_2,120000,0,1,TTTAGGG
scaffold_2,130000,0,0,TTTAGGG
scaffold_2,140000,0,0,TTTAGGG
scaffold_2,150000,0,0,TTTAGGG
scaffold_2,160000,0,0,TTTAGGG
scaffold_2,170000,1,0,TTTAGGG
scaffold_2,180000,0,0,TTTAGGG
scaffold_2,190000,1,0,TTTAGGG
scaffold_2,200000,0,0,TTTAGGG
scaffold_2,210000,1,0,TTTAGGG
scaffold_2,220000,0,0,TTTAGGG
scaffold_2,230000,0,0,TTTAGGG
scaffold_2,240000,0,0,TTTAGGG
scaffold_2,250000,0,0,TTTAGGG
scaffold_2,260000,0,0,TTTAGGG
scaffold_2,270000,1,1,TTTAGGG
scaffold_2,280000,0,0,TTTAGGG
scaffold_2,290000,0,0,TTTAGGG
scaffold_2,300000,0,1,TTTAGGG
scaffold_2,310000,0,0,TTTAGGG
scaffold_2,320000,0,0,TTTAGGG
scaffold_2,330000,0,0,TTTAGGG
scaffold_2,340000,0,1,TTTAGGG
scaffold_2,350000,0,0,TTTAGGG
scaffold_2,360000,1,0,TTTAGGG
scaffold_2,370000,0,0,TTTAGGG
scaffold_2,380000,0,1,TTTAGGG
scaffold_2,390000,0,0,TTTAGGG
scaffold_2,400000,0,0,TTTAGGG
scaffold_2,410000,0,0,TTTAGGG
scaffold_2,420000,1,1,TTTAGGG
scaffold_2,430000,1,1,TTTAGGG
scaffold_2,440000,0,0,TTTAGGG
scaffold_2,450000,0,0,TTTAGGG
scaffold_2,460000,0,0,TTTAGGG
scaffold_2,470000,0,0,TTTAGGG
scaffold_2,480000,0,0,TTTAGGG
scaffold_2,490000,0,0,TTTAGGG
scaffold_2,500000,0,1,TTTAGGG
scaffold_2,510000,0,1,TTTAGGG
scaffold_2,520000,0,0,TTTAGGG
scaffold_2,530000,0,0,TTTAGGG
scaffold_2,540000,0,0,TTTAGGG
scaffold_2,550000,0,1,TTTAGGG
scaffold_2,560000,0,0,TTTAGGG
scaffold_2,570000,1,0,TTTAGGG
scaffold_2,580000,0,0,TTTAGGG
scaffold_2,590000,0,0,TTTAGGG
scaffold_2,600000,0,0,TTTAGGG
scaffold_2,610000,0,0,TTTAGGG
scaffold_2,620000,0,0,TTTAGGG
scaffold_2,630000,0,0,TTTAGGG
scaffold_2,640000,0,0,TTTAGGG
scaffold_2,650000,0,0,TTTAGGG
scaffold_2,660000,0,1,TTTAGGG
scaffold_2,670000,0,0,TTTAGGG
scaffold_2,680000,0,0,TTTAGGG
scaffold_2,690000,0,0,TTTAGGG
scaffold_2,700000,0,0,TTTAGGG
scaffold_2,710000,0,1,TTTAGGG
scaffold_2,720000,0,0,TTTAGGG
scaffold_2,730000,0,0,TTTAGGG
scaffold_2,740000,0,0,TTTAGGG
scaffold_2,750000,1,0,TTTAGGG
scaffold_2,760000,0,0,TTTAGGG
scaffold_2,770000,0,0,TTTAGGG
scaffold_2,780000,0,0,TTTAGGG
scaffold_2,790000,1,0,TTTAGGG
scaffold_2,800000,0,0,TTTAGGG
scaffold_2,810000,0,1,TTTAGGG
scaffold_2,820000,0,0,TTTAGGG
scaffold_2,830000,0,1,TTTAGGG
scaffold_2,840000,0,0,TTTAGGG
scaffold_2,850000,0,1,TTTAGGG
scaffold_2,860000,0,0,TTTAGGG
scaffold_2,870000,0,0,TTTAGGG
scaffold_2,880000,0,0,TTTAGGG
scaffold_2,890000,1,0,TTTAGGG
scaffold_2,900000,0,0,TTTAGGG
scaffold_2,910000,0,0,TTTAGGG
scaffold_2,920000,0,0,TTTAGGG
scaffold_2,930000,0,0,TTTAGGG
scaffold_2,940000,0,0,TTTAGGG
scaffold_2,950000,0,0,TTTAGGG
scaffold_2,960000,0,0,TTTAGGG
scaffold_2,970000,0,0,TTTAGGG
scaffold_2,980000,0,0,TTTAGGG
scaffold_2,990000,2,0,TTTAGGG
scaffold_2,1000000,1,0,TTTAGGG
scaffold_2,1010000,0,0,TTTAGGG
scaffold_2,1020000,0,0,TTTAGGG
scaffold_2,1030000,0,0,TTTAGGG
scaffold_2,1040000,0,1,TTTAGGG
scaffold_2,1050000,0,0,TTTAGGG
scaffold_2,1060000,0,0,TTTAGGG
scaffold_2,1070000,0,0,TTTAGGG
scaffold_2,1080000,0,0,TTTAGGG
scaffold_2,1090000,0,0,TTTAGGG
scaffold_2,1100000,0,0,TTTAGGG
scaffold_2,1110000,0,0,TTTAGGG
scaffold_2,1120000,0,0,TTTAGGG
scaffold_2,1130000,0,0,TTTAGGG
scaffold_2,1140000,0,0,TTTAGGG
scaffold_2,1150000,0,1,TTTAGGG
scaffold_2,1160000,0,0,TTTAGGG
scaffold_2,1170000,0,0,TTTAGGG
scaffold_2,1180000,0,0,TTTAGGG
scaffold_2,1190000,0,0,TTTAGGG
scaffold_2,1200000,0,0,TTTAGGG
scaffold_2,1210000,0,0,TTTAGGG
scaffold_2,1220000,1,0,TTTAGGG
scaffold_2,1230000,0,0,TTTAGGG
scaffold_2,1240000,0,0,TTTAGGG
scaffold_2,1250000,0,1,TTTAGGG
scaffold_2,1260000,0,0,TTTAGGG
scaffold_2,1270000,0,1,TTTAGGG
scaffold_2,1280000,1,0,TTTAGGG
scaffold_2,1290000,0,2,TTTAGGG
scaffold_2,1300000,1,0,TTTAGGG
scaffold_2,1310000,0,0,TTTAGGG
scaffold_2,1320000,1,0,TTTAGGG
scaffold_2,1330000,1,0,TTTAGGG
scaffold_2,1340000,1,0,TTTAGGG
scaffold_2,1350000,1,0,TTTAGGG
scaffold_2,1360000,0,0,TTTAGGG
scaffold_2,1370000,0,0,TTTAGGG
scaffold_2,1380000,2,1,TTTAGGG
scaffold_2,1390000,0,0,TTTAGGG
scaffold_2,1400000,0,0,TTTAGGG
scaffold_2,1410000,0,0,TTTAGGG
scaffold_2,1420000,0,0,TTTAGGG
scaffold_2,1430000,0,0,TTTAGGG
scaffold_2,1440000,0,2,TTTAGGG
scaffold_2,1450000,0,0,TTTAGGG
scaffold_2,1460000,1,1,TTTAGGG
scaffold_2,1470000,0,0,TTTAGGG
scaffold_2,1480000,0,0,TTTAGGG
scaffold_2,1490000,1,0,TTTAGGG
scaffold_2,1500000,0,0,TTTAGGG
scaffold_2,1510000,0,0,TTTAGGG
scaffold_2,1520000,0,0,TTTAGGG
scaffold_2,1530000,0,1,TTTAGGG
scaffold_2,1540000,1,0,TTTAGGG
scaffold_2,1550000,0,0,TTTAGGG
scaffold_2,1560000,0,0,TTTAGGG
scaffold_2,1570000,0,0,TTTAGGG
scaffold_2,1580000,0,0,TTTAGGG
scaffold_2,1590000,1,1,TTTAGGG
scaffold_2,1600000,0,1,TTTAGGG
scaffold_2,1610000,1,0,TTTAGGG
scaffold_2,1620000,0,0,TTTAGGG
scaffold_2,1630000,0,0,TTTAGGG
scaffold_2,1640000,0,0,TTTAGGG
scaffold_2,1650000,0,0,TTTAGGG
scaffold_2,1660000,0,0,TTTAGGG
scaffold_2,1670000,0,2,TTTAGGG
scaffold_2,1680000,0,0,TTTAGGG
scaffold_2,1690000,0,1,TTTAGGG
scaffold_2,1700000,0,0,TTTAGGG
scaffold_2,1710000,0,0,TTTAGGG
scaffold_2,1720000,0,0,TTTAGGG
scaffold_2,1730000,0,0,TTTAGGG
scaffold_2,1740000,0,0,TTTAGGG
scaffold_2,1750000,1,1,TTTAGGG
scaffold_2,1760000,0,0,TTTAGGG
scaffold_2,1770000,0,1,TTTAGGG
scaffold_2,1780000,0,0,TTTAGGG
scaffold_2,1790000,0,2,TTTAGGG
scaffold_2,1800000,0,0,TTTAGGG
scaffold_2,1810000,0,0,TTTAGGG
scaffold_2,1820000,0,0,TTTAGGG
scaffold_2,1830000,0,0,TTTAGGG
scaffold_2,1840000,0,0,TTTAGGG
scaffold_2,1850000,1,0,TTTAGGG
scaffold_2,1860000,0,1,TTTAGGG
scaffold_2,1870000,0,0,TTTAGGG
scaffold_2,1880000,0,0,TTTAGGG
scaffold_2,1890000,0,0,TTTAGGG
scaffold_2,1900000,0,1,TTTAGGG
scaffold_2,1910000,3,0,TTTAGGG
scaffold_2,1920000,1,0,TTTAGGG
scaffold_2,1930000,0,0,TTTAGGG
scaffold_2,1940000,0,1,TTTAGGG
scaffold_2,1950000,0,0,TTTAGGG
scaffold_2,1960000,1,0,TTTAGGG
scaffold_2,1970000,2,0,TTTAGGG
scaffold_2,1980000,0,0,TTTAGGG
scaffold_2,1990000,0,0,TTTAGGG
scaffold_2,2000000,0,0,TTTAGGG
scaffold_2,2010000,0,0,TTTAGGG
scaffold_2,2020000,0,0,TTTAGGG
scaffold_2,2030000,1,0,TTTAGGG
scaffold_2,2040000,1,0,TTTAGGG
scaffold_2,2050000,0,1,TTTAGGG
scaffold_2,2060000,0,0,TTTAGGG
scaffold_2,2070000,0,0,TTTAGGG
scaffold_2,2080000,0,0,TTTAGGG
scaffold_2,2090000,1,0,TTTAGGG
scaffold_2,2100000,0,1,TTTAGGG
scaffold_2,2110000,0,0,TTTAGGG
scaffold_2,2120000,0,0,TTTAGGG
scaffold_2,2130000,0,0,TTTAGGG
scaffold_2,2140000,0,0,TTTAGGG
scaffold_2,2150000,2,0,TTTAGGG
scaffold_2,2160000,0,0,TTTAGGG
scaffold_2,2170000,0,0,TTTAGGG
scaffold_2,2180000,0,0,TTTAGGG
scaffold_2,2190000,0,0,TTTAGGG
scaffold_2,2200000,0,0,TTTAGGG
scaffold_2,2210000,0,1,TTTAGGG
scaffold_2,2220000,0,1,TTTAGGG
scaffold_2,2230000,0,1,TTTAGGG
scaffold_2,2240000,2,0,TTTAGGG
scaffold_2,2250000,0,0,TTTAGGG
scaffold_2,2260000,1,0,TTTAGGG
scaffold_2,2270000,0,0,TTTAGGG
scaffold_2,2280000,1,0,TTTAGGG
scaffold_2,2290000,0,1,TTTAGGG
scaffold_2,2300000,1,3,TTTAGGG
scaffold_2,2310000,0,0,TTTAGGG
scaffold_2,2320000,1,0,TTTAGGG
scaffold_2,2330000,0,0,TTTAGGG
scaffold_2,2340000,0,0,TTTAGGG
scaffold_2,2350000,0,0,TTTAGGG
scaffold_2,2360000,1,0,TTTAGGG
scaffold_2,2370000,0,0,TTTAGGG
scaffold_2,2380000,0,0,TTTAGGG
scaffold_2,2390000,1,0,TTTAGGG
scaffold_2,2400000,0,0,TTTAGGG
scaffold_2,2410000,0,0,TTTAGGG
scaffold_2,2420000,0,1,TTTAGGG
scaffold_2,2430000,0,0,TTTAGGG
scaffold_2,2440000,0,0,TTTAGGG
scaffold_2,2450000,1,0,TTTAGGG
scaffold_2,2460000,1,0,TTTAGGG
scaffold_2,2470000,0,0,TTTAGGG
scaffold_2,2480000,0,0,TTTAGGG
scaffold_2,2490000,0,0,TTTAGGG
scaffold_2,2500000,0,1,TTTAGGG
scaffold_2,2510000,0,0,TTTAGGG
scaffold_2,2520000,2,2,TTTAGGG
scaffold_2,2530000,1,0,TTTAGGG
scaffold_2,2540000,0,0,TTTAGGG
scaffold_2,2550000,0,0,TTTAGGG
scaffold_2,2560000,0,0,TTTAGGG
scaffold_2,2570000,0,0,TTTAGGG
scaffold_2,2580000,0,1,TTTAGGG
scaffold_2,2590000,2,0,TTTAGGG
scaffold_2,2600000,1,0,TTTAGGG
scaffold_2,2610000,1,0,TTTAGGG
scaffold_2,2620000,0,0,TTTAGGG
scaffold_2,2630000,2,3,TTTAGGG
scaffold_2,2640000,3,1,TTTAGGG
scaffold_2,2650000,0,0,TTTAGGG
scaffold_2,2660000,0,0,TTTAGGG
scaffold_2,2670000,1,0,TTTAGGG
scaffold_2,2680000,0,0,TTTAGGG
scaffold_2,2690000,0,0,TTTAGGG
scaffold_2,2700000,0,1,TTTAGGG
scaffold_2,2710000,0,0,TTTAGGG
scaffold_2,2720000,0,0,TTTAGGG
scaffold_2,2730000,0,0,TTTAGGG
scaffold_2,2740000,0,0,TTTAGGG
scaffold_2,2750000,0,0,TTTAGGG
scaffold_2,2760000,0,0,TTTAGGG
scaffold_2,2770000,0,0,TTTAGGG
scaffold_2,2780000,0,0,TTTAGGG
scaffold_2,2790000,0,1,TTTAGGG
scaffold_2,2800000,0,0,TTTAGGG
scaffold_2,2810000,1,0,TTTAGGG
scaffold_2,2820000,1,1,TTTAGGG
scaffold_2,2830000,0,0,TTTAGGG
scaffold_2,2840000,0,0,TTTAGGG
scaffold_2,2850000,0,0,TTTAGGG
scaffold_2,2860000,0,0,TTTAGGG
scaffold_2,2870000,0,0,TTTAGGG
scaffold_2,2880000,0,0,TTTAGGG
scaffold_2,2890000,0,0,TTTAGGG
scaffold_2,2900000,1,0,TTTAGGG
scaffold_2,2910000,0,0,TTTAGGG
scaffold_2,2920000,1,0,TTTAGGG
scaffold_2,2930000,1,0,TTTAGGG
scaffold_2,2940000,0,0,TTTAGGG
scaffold_2,2950000,0,0,TTTAGGG
scaffold_2,2960000,0,0,TTTAGGG
scaffold_2,2970000,0,0,TTTAGGG
scaffold_2,2980000,0,0,TTTAGGG
scaffold_2,2990000,1,0,TTTAGGG
scaffold_2,3000000,0,1,TTTAGGG
scaffold_2,3010000,0,1,TTTAGGG
scaffold_2,3020000,0,0,TTTAGGG
scaffold_2,3030000,1,0,TTTAGGG
scaffold_2,3040000,0,2,TTTAGGG
scaffold_2,3050000,0,1,TTTAGGG
scaffold_2,3060000,1,0,TTTAGGG
scaffold_2,3070000,0,0,TTTAGGG
scaffold_2,3080000,0,0,TTTAGGG
scaffold_2,3090000,0,1,TTTAGGG
scaffold_2,3100000,0,0,TTTAGGG
scaffold_2,3110000,0,0,TTTAGGG
scaffold_2,3120000,0,1,TTTAGGG
scaffold_2,3130000,0,0,TTTAGGG
scaffold_2,3140000,1,0,TTTAGGG
scaffold_2,3150000,0,0,TTTAGGG
scaffold_2,3160000,0,0,TTTAGGG
scaffold_2,3170000,0,0,TTTAGGG
scaffold_2,3180000,0,0,TTTAGGG
scaffold_2,3190000,0,0,TTTAGGG
scaffold_2,3200000,0,0,TTTAGGG
scaffold_2,3210000,0,0,TTTAGGG
scaffold_2,3220000,1,0,TTTAGGG
scaffold_2,3230000,0,1,TTTAGGG
scaffold_2,3240000,0,0,TTTAGGG
scaffold_2,3250000,1,0,TTTAGGG
scaffold_2,3260000,0,0,TTTAGGG
scaffold_2,3270000,0,0,TTTAGGG
scaffold_2,3280000,0,0,TTTAGGG
scaffold_2,3290000,0,0,TTTAGGG
scaffold_2,3300000,0,0,TTTAGGG
scaffold_2,3310000,0,0,TTTAGGG
scaffold_2,3320000,0,0,TTTAGGG
scaffold_2,3330000,0,0,TTTAGGG
scaffold_2,3340000,0,0,TTTAGGG
scaffold_2,3350000,0,0,TTTAGGG
scaffold_2,3360000,0,0,TTTAGGG
scaffold_2,3370000,0,0,TTTAGGG
scaffold_2,3380000,1,0,TTTAGGG
scaffold_2,3390000,0,0,TTTAGGG
scaffold_2,3400000,0,0,TTTAGGG
scaffold_2,3410000,0,0,TTTAGGG
scaffold_2,3420000,0,0,TTTAGGG
scaffold_2,3430000,0,1,TTTAGGG
scaffold_2,3440000,0,1,TTTAGGG
scaffold_2,3450000,0,0,TTTAGGG
scaffold_2,3460000,0,1,TTTAGGG
scaffold_2,3470000,1,0,TTTAGGG
scaffold_2,3480000,0,0,TTTAGGG
scaffold_2,3490000,0,2,TTTAGGG
scaffold_2,3500000,0,0,TTTAGGG
scaffold_2,3510000,0,1,TTTAGGG
scaffold_2,3520000,0,0,TTTAGGG
scaffold_2,3530000,0,0,TTTAGGG
scaffold_2,3540000,1,0,TTTAGGG
scaffold_2,3550000,0,0,TTTAGGG
scaffold_2,3560000,0,0,TTTAGGG
scaffold_2,3570000,0,0,TTTAGGG
scaffold_2,3580000,0,0,TTTAGGG
scaffold_2,3590000,0,0,TTTAGGG
scaffold_2,3600000,0,0,TTTAGGG
scaffold_2,3610000,0,0,TTTAGGG
scaffold_2,3620000,0,1,TTTAGGG
scaffold_2,3630000,0,0,TTTAGGG
scaffold_2,3640000,0,1,TTTAGGG
scaffold_2,3650000,0,2,TTTAGGG
scaffold_2,3660000,0,0,TTTAGGG
scaffold_2,3670000,1,0,TTTAGGG
scaffold_2,3680000,1,0,TTTAGGG
scaffold_2,3690000,1,0,TTTAGGG
scaffold_2,3700000,0,0,TTTAGGG
scaffold_2,3710000,0,0,TTTAGGG
scaffold_2,3720000,0,0,TTTAGGG
scaffold_2,3730000,0,0,TTTAGGG
scaffold_2,3740000,0,0,TTTAGGG
scaffold_2,3750000,1,0,TTTAGGG
scaffold_2,3760000,0,1,TTTAGGG
scaffold_2,3770000,0,0,TTTAGGG
scaffold_2,3780000,2,1,TTTAGGG
scaffold_2,3790000,0,1,TTTAGGG
scaffold_2,3800000,1,0,TTTAGGG
scaffold_2,3810000,1,0,TTTAGGG
scaffold_2,3820000,0,1,TTTAGGG
scaffold_2,3830000,0,0,TTTAGGG
scaffold_2,3840000,0,1,TTTAGGG
scaffold_2,3850000,0,0,TTTAGGG
scaffold_2,3860000,1,1,TTTAGGG
scaffold_2,3870000,0,0,TTTAGGG
scaffold_2,3880000,0,0,TTTAGGG
scaffold_2,3890000,0,0,TTTAGGG
scaffold_2,3900000,0,0,TTTAGGG
scaffold_2,3910000,0,0,TTTAGGG
scaffold_2,3920000,0,1,TTTAGGG
scaffold_2,3930000,0,0,TTTAGGG
scaffold_2,3940000,1,1,TTTAGGG
scaffold_2,3950000,0,1,TTTAGGG
scaffold_2,3960000,0,0,TTTAGGG
scaffold_2,3970000,1,1,TTTAGGG
scaffold_2,3980000,0,0,TTTAGGG
scaffold_2,3990000,0,0,TTTAGGG
scaffold_2,4000000,0,1,TTTAGGG
scaffold_2,4010000,0,2,TTTAGGG
scaffold_2,4020000,0,0,TTTAGGG
scaffold_2,4030000,0,0,TTTAGGG
scaffold_2,4040000,0,0,TTTAGGG
scaffold_2,4050000,1,0,TTTAGGG
scaffold_2,4060000,0,0,TTTAGGG
scaffold_2,4070000,0,0,TTTAGGG
scaffold_2,4080000,0,0,TTTAGGG
scaffold_2,4090000,0,1,TTTAGGG
scaffold_2,4100000,1,0,TTTAGGG
scaffold_2,4110000,0,1,TTTAGGG
scaffold_2,4120000,0,0,TTTAGGG
scaffold_2,4130000,0,0,TTTAGGG
scaffold_2,4140000,0,0,TTTAGGG
scaffold_2,4150000,0,0,TTTAGGG
scaffold_2,4160000,0,1,TTTAGGG
scaffold_2,4170000,0,0,TTTAGGG
scaffold_2,4180000,0,0,TTTAGGG
scaffold_2,4190000,1,0,TTTAGGG
scaffold_2,4200000,0,0,TTTAGGG
scaffold_2,4210000,0,0,TTTAGGG
scaffold_2,4220000,2,0,TTTAGGG
scaffold_2,4230000,1,0,TTTAGGG
scaffold_2,4240000,1,0,TTTAGGG
scaffold_2,4250000,1,0,TTTAGGG
scaffold_2,4260000,0,0,TTTAGGG
scaffold_2,4270000,0,1,TTTAGGG
scaffold_2,4280000,0,0,TTTAGGG
scaffold_2,4290000,0,1,TTTAGGG
scaffold_2,4300000,0,1,TTTAGGG
scaffold_2,4310000,10,0,TTTAGGG
scaffold_3,10000,4,0,TTTAGGG
scaffold_3,20000,0,0,TTTAGGG
scaffold_3,30000,0,0,TTTAGGG
scaffold_3,40000,0,1,TTTAGGG
scaffold_3,50000,0,0,TTTAGGG
scaffold_3,60000,0,1,TTTAGGG
scaffold_3,70000,0,0,TTTAGGG
scaffold_3,80000,0,0,TTTAGGG
scaffold_3,90000,1,0,TTTAGGG
scaffold_3,100000,0,1,TTTAGGG
scaffold_3,110000,0,0,TTTAGGG
scaffold_3,120000,0,0,TTTAGGG
scaffold_3,130000,0,0,TTTAGGG
scaffold_3,140000,0,0,TTTAGGG
scaffold_3,150000,0,0,TTTAGGG
scaffold_3,160000,0,0,TTTAGGG
scaffold_3,170000,0,0,TTTAGGG
scaffold_3,180000,0,0,TTTAGGG
scaffold_3,190000,1,1,TTTAGGG
scaffold_3,200000,1,0,TTTAGGG
scaffold_3,210000,0,0,TTTAGGG
scaffold_3,220000,0,0,TTTAGGG
scaffold_3,230000,1,0,TTTAGGG
scaffold_3,240000,0,0,TTTAGGG
scaffold_3,250000,0,0,TTTAGGG
scaffold_3,260000,1,0,TTTAGGG
scaffold_3,270000,0,0,TTTAGGG
scaffold_3,280000,0,0,TTTAGGG
scaffold_3,290000,0,1,TTTAGGG
scaffold_3,300000,2,1,TTTAGGG
scaffold_3,310000,1,1,TTTAGGG
scaffold_3,320000,0,0,TTTAGGG
scaffold_3,330000,0,0,TTTAGGG
scaffold_3,340000,1,0,TTTAGGG
scaffold_3,350000,0,1,TTTAGGG
scaffold_3,360000,0,0,TTTAGGG
scaffold_3,370000,0,0,TTTAGGG
scaffold_3,380000,0,1,TTTAGGG
scaffold_3,390000,0,0,TTTAGGG
scaffold_3,400000,1,0,TTTAGGG
scaffold_3,410000,0,0,TTTAGGG
scaffold_3,420000,0,0,TTTAGGG
scaffold_3,430000,0,0,TTTAGGG
scaffold_3,440000,1,0,TTTAGGG
scaffold_3,450000,0,0,TTTAGGG
scaffold_3,460000,0,0,TTTAGGG
scaffold_3,470000,1,0,TTTAGGG
scaffold_3,480000,0,0,TTTAGGG
scaffold_3,490000,0,0,TTTAGGG
scaffold_3,500000,0,0,TTTAGGG
scaffold_3,510000,0,0,TTTAGGG
scaffold_3,520000,0,1,TTTAGGG
scaffold_3,530000,1,0,TTTAGGG
scaffold_3,540000,0,0,TTTAGGG
scaffold_3,550000,0,0,TTTAGGG
scaffold_3,560000,0,1,TTTAGGG
scaffold_3,570000,1,0,TTTAGGG
scaffold_3,580000,0,0,TTTAGGG
scaffold_3,590000,0,0,TTTAGGG
scaffold_3,600000,0,0,TTTAGGG
scaffold_3,610000,0,1,TTTAGGG
scaffold_3,620000,0,0,TTTAGGG
scaffold_3,630000,0,0,TTTAGGG
scaffold_3,640000,0,0,TTTAGGG
scaffold_3,650000,1,0,TTTAGGG
scaffold_3,660000,0,0,TTTAGGG
scaffold_3,670000,0,0,TTTAGGG
scaffold_3,680000,0,0,TTTAGGG
scaffold_3,690000,0,0,TTTAGGG
scaffold_3,700000,0,0,TTTAGGG
scaffold_3,710000,0,0,TTTAGGG
scaffold_3,720000,0,0,TTTAGGG
scaffold_3,730000,0,1,TTTAGGG
scaffold_3,740000,1,0,TTTAGGG
scaffold_3,750000,0,0,TTTAGGG
scaffold_3,760000,0,0,TTTAGGG
scaffold_3,770000,0,0,TTTAGGG
scaffold_3,780000,0,0,TTTAGGG
scaffold_3,790000,0,0,TTTAGGG
scaffold_3,800000,0,0,TTTAGGG
scaffold_3,810000,0,1,TTTAGGG
scaffold_3,820000,0,0,TTTAGGG
scaffold_3,830000,0,0,TTTAGGG
scaffold_3,840000,0,0,TTTAGGG
scaffold_3,850000,1,0,TTTAGGG
scaffold_3,860000,0,0,TTTAGGG
scaffold_3,870000,0,1,TTTAGGG
scaffold_3,880000,0,0,TTTAGGG
scaffold_3,890000,0,0,TTTAGGG
scaffold_3,900000,0,0,TTTAGGG
scaffold_3,910000,0,1,TTTAGGG
scaffold_3,920000,1,1,TTTAGGG
scaffold_3,930000,0,0,TTTAGGG
scaffold_3,940000,0,0,TTTAGGG
scaffold_3,950000,0,0,TTTAGGG
scaffold_3,960000,0,1,TTTAGGG
scaffold_3,970000,0,0,TTTAGGG
scaffold_3,980000,0,1,TTTAGGG
scaffold_3,990000,1,1,TTTAGGG
scaffold_3,1000000,0,0,TTTAGGG
scaffold_3,1010000,0,0,TTTAGGG
scaffold_3,1020000,0,0,TTTAGGG
scaffold_3,1030000,0,0,TTTAGGG
scaffold_3,1040000,0,1,TTTAGGG
scaffold_3,1050000,0,0,TTTAGGG
scaffold_3,1060000,0,0,TTTAGGG
scaffold_3,1070000,0,1,TTTAGGG
scaffold_3,1080000,1,0,TTTAGGG
scaffold_3,1090000,0,0,TTTAGGG
scaffold_3,1100000,0,0,TTTAGGG
scaffold_3,1110000,0,0,TTTAGGG
scaffold_3,1120000,0,0,TTTAGGG
scaffold_3,1130000,0,1,TTTAGGG
scaffold_3,1140000,0,0,TTTAGGG
scaffold_3,1150000,0,1,TTTAGGG
scaffold_3,1160000,1,0,TTTAGGG
scaffold_3,1170000,0,0,TTTAGGG
scaffold_3,1180000,0,0,TTTAGGG
scaffold_3,1190000,0,0,TTTAGGG
scaffold_3,1200000,1,0,TTTAGGG
scaffold_3,1210000,0,0,TTTAGGG
scaffold_3,1220000,0,0,TTTAGGG
scaffold_3,1230000,0,0,TTTAGGG
scaffold_3,1240000,0,0,TTTAGGG
scaffold_3,1250000,0,0,TTTAGGG
scaffold_3,1260000,0,0,TTTAGGG
scaffold_3,1270000,0,0,TTTAGGG
scaffold_3,1280000,0,0,TTTAGGG
scaffold_3,1290000,0,0,TTTAGGG
scaffold_3,1300000,0,0,TTTAGGG
scaffold_3,1310000,0,0,TTTAGGG
scaffold_3,1320000,0,0,TTTAGGG
scaffold_3,1330000,0,1,TTTAGGG
scaffold_3,1340000,0,1,TTTAGGG
scaffold_3,1350000,0,0,TTTAGGG
scaffold_3,1360000,1,0,TTTAGGG
scaffold_3,1370000,0,0,TTTAGGG
scaffold_3,1380000,0,0,TTTAGGG
scaffold_3,1390000,0,0,TTTAGGG
scaffold_3,1400000,0,0,TTTAGGG
scaffold_3,1410000,0,0,TTTAGGG
scaffold_3,1420000,0,0,TTTAGGG
scaffold_3,1430000,0,0,TTTAGGG
scaffold_3,1440000,0,0,TTTAGGG
scaffold_3,1450000,0,0,TTTAGGG
scaffold_3,1460000,0,0,TTTAGGG
scaffold_3,1470000,0,0,TTTAGGG
scaffold_3,1480000,0,1,TTTAGGG
scaffold_3,1490000,0,0,TTTAGGG
scaffold_3,1500000,0,1,TTTAGGG
scaffold_3,1510000,0,0,TTTAGGG
scaffold_3,1520000,0,0,TTTAGGG
scaffold_3,1530000,0,1,TTTAGGG
scaffold_3,1540000,0,0,TTTAGGG
scaffold_3,1550000,0,2,TTTAGGG
scaffold_3,1560000,0,1,TTTAGGG
scaffold_3,1570000,0,0,TTTAGGG
scaffold_3,1580000,0,0,TTTAGGG
scaffold_3,1590000,1,1,TTTAGGG
scaffold_3,1600000,0,0,TTTAGGG
scaffold_3,1610000,1,0,TTTAGGG
scaffold_3,1620000,0,0,TTTAGGG
scaffold_3,1630000,0,0,TTTAGGG
scaffold_3,1640000,0,0,TTTAGGG
scaffold_3,1650000,0,0,TTTAGGG
scaffold_3,1660000,0,0,TTTAGGG
scaffold_3,1670000,1,1,TTTAGGG
scaffold_3,1680000,0,0,TTTAGGG
scaffold_3,1690000,0,0,TTTAGGG
scaffold_3,1700000,1,1,TTTAGGG
scaffold_3,1710000,0,0,TTTAGGG
scaffold_3,1720000,0,0,TTTAGGG
scaffold_3,1730000,0,0,TTTAGGG
scaffold_3,1740000,0,0,TTTAGGG
scaffold_3,1750000,0,0,TTTAGGG
scaffold_3,1760000,0,0,TTTAGGG
scaffold_3,1770000,0,1,TTTAGGG
scaffold_3,1780000,1,0,TTTAGGG
scaffold_3,1790000,0,1,TTTAGGG
scaffold_3,1800000,0,0,TTTAGGG
scaffold_3,1810000,1,0,TTTAGGG
scaffold_3,1820000,1,3,TTTAGGG
scaffold_3,1830000,2,0,TTTAGGG
scaffold_3,1840000,0,0,TTTAGGG
scaffold_3,1850000,0,0,TTTAGGG
scaffold_3,1860000,0,0,TTTAGGG
scaffold_3,1870000,1,0,TTTAGGG
scaffold_3,1880000,0,1,TTTAGGG
scaffold_3,1890000,1,1,TTTAGGG
scaffold_3,1900000,0,2,TTTAGGG
scaffold_3,1910000,0,0,TTTAGGG
scaffold_3,1920000,0,2,TTTAGGG
scaffold_3,1930000,0,0,TTTAGGG
scaffold_3,1940000,0,0,TTTAGGG
scaffold_3,1950000,1,0,TTTAGGG
scaffold_3,1960000,2,0,TTTAGGG
scaffold_3,1970000,0,0,TTTAGGG
scaffold_3,1980000,0,0,TTTAGGG
scaffold_3,1990000,1,0,TTTAGGG
scaffold_3,2000000,0,0,TTTAGGG
scaffold_3,2010000,1,0,TTTAGGG
scaffold_3,2020000,0,0,TTTAGGG
scaffold_3,2030000,0,1,TTTAGGG
scaffold_3,2040000,0,0,TTTAGGG
scaffold_3,2050000,0,0,TTTAGGG
scaffold_3,2060000,0,1,TTTAGGG
scaffold_3,2070000,0,0,TTTAGGG
scaffold_3,2080000,0,0,TTTAGGG
scaffold_3,2090000,4,0,TTTAGGG
scaffold_3,2100000,0,0,TTTAGGG
scaffold_3,2110000,0,0,TTTAGGG
scaffold_3,2120000,0,0,TTTAGGG
scaffold_3,2130000,0,0,TTTAGGG
scaffold_3,2140000,0,0,TTTAGGG
scaffold_3,2150000,0,0,TTTAGGG
scaffold_3,2160000,0,0,TTTAGGG
scaffold_3,2170000,0,1,TTTAGGG
scaffold_3,2180000,0,0,TTTAGGG
scaffold_3,2190000,0,0,TTTAGGG
scaffold_3,2200000,0,1,TTTAGGG
scaffold_3,2210000,0,0,TTTAGGG
scaffold_3,2220000,0,0,TTTAGGG
scaffold_3,2230000,1,1,TTTAGGG
scaffold_3,2240000,1,0,TTTAGGG
scaffold_3,2250000,0,0,TTTAGGG
scaffold_3,2260000,1,0,TTTAGGG
scaffold_3,2270000,0,0,TTTAGGG
scaffold_3,2280000,1,0,TTTAGGG
scaffold_3,2290000,0,0,TTTAGGG
scaffold_3,2300000,0,1,TTTAGGG
scaffold_3,2310000,0,0,TTTAGGG
scaffold_3,2320000,0,0,TTTAGGG
scaffold_3,2330000,0,0,TTTAGGG
scaffold_3,2340000,0,0,TTTAGGG
scaffold_3,2350000,0,0,TTTAGGG
scaffold_3,2360000,0,0,TTTAGGG
scaffold_3,2370000,0,0,TTTAGGG
scaffold_3,2380000,0,0,TTTAGGG
scaffold_3,2390000,0,0,TTTAGGG
scaffold_3,2400000,0,1,TTTAGGG
scaffold_3,2410000,0,0,TTTAGGG
scaffold_3,2420000,1,0,TTTAGGG
scaffold_3,2430000,0,1,TTTAGGG
scaffold_3,2440000,1,0,TTTAGGG
scaffold_3,2450000,0,0,TTTAGGG
scaffold_3,2460000,1,0,TTTAGGG
scaffold_3,2470000,0,0,TTTAGGG
scaffold_3,2480000,1,1,TTTAGGG
scaffold_3,2490000,0,2,TTTAGGG
scaffold_3,2500000,0,0,TTTAGGG
scaffold_3,2510000,1,0,TTTAGGG
scaffold_3,2520000,0,0,TTTAGGG
scaffold_3,2530000,0,0,TTTAGGG
scaffold_3,2540000,0,2,TTTAGGG
scaffold_3,2550000,1,0,TTTAGGG
scaffold_3,2560000,1,0,TTTAGGG
scaffold_3,2570000,1,1,TTTAGGG
scaffold_3,2580000,0,0,TTTAGGG
scaffold_3,2590000,0,0,TTTAGGG
scaffold_3,2600000,0,1,TTTAGGG
scaffold_3,2610000,0,0,TTTAGGG
scaffold_3,2620000,1,0,TTTAGGG
scaffold_3,2630000,0,0,TTTAGGG
scaffold_3,2640000,0,0,TTTAGGG
scaffold_3,2650000,0,0,TTTAGGG
scaffold_3,2660000,0,1,TTTAGGG
scaffold_3,2670000,0,0,TTTAGGG
scaffold_3,2680000,0,0,TTTAGGG
scaffold_3,2690000,0,1,TTTAGGG
scaffold_3,2700000,0,2,TTTAGGG
scaffold_3,2710000,0,0,TTTAGGG
scaffold_3,2720000,0,0,TTTAGGG
scaffold_3,2730000,0,0,TTTAGGG
scaffold_3,2740000,1,0,TTTAGGG
scaffold_3,2750000,0,0,TTTAGGG
scaffold_3,2760000,0,0,TTTAGGG
scaffold_3,2770000,0,0,TTTAGGG
scaffold_3,2780000,0,0,TTTAGGG
scaffold_3,2790000,0,0,TTTAGGG
scaffold_3,2800000,1,0,TTTAGGG
scaffold_3,2810000,0,0,TTTAGGG
scaffold_3,2820000,0,0,TTTAGGG
scaffold_3,2830000,0,0,TTTAGGG
scaffold_3,2840000,0,0,TTTAGGG
scaffold_3,2850000,0,0,TTTAGGG
scaffold_3,2860000,1,0,TTTAGGG
scaffold_3,2870000,0,0,TTTAGGG
scaffold_3,2880000,0,0,TTTAGGG
scaffold_3,2890000,0,0,TTTAGGG
scaffold_3,2900000,0,0,TTTAGGG
scaffold_3,2910000,0,0,TTTAGGG
scaffold_3,2920000,0,1,TTTAGGG
scaffold_3,2930000,0,0,TTTAGGG
scaffold_3,2940000,0,0,TTTAGGG
scaffold_3,2950000,0,0,TTTAGGG
scaffold_3,2960000,0,0,TTTAGGG
scaffold_3,2970000,0,0,TTTAGGG
scaffold_3,2980000,0,0,TTTAGGG
scaffold_3,2990000,0,0,TTTAGGG
scaffold_3,3000000,0,0,TTTAGGG
scaffold_3,3010000,1,0,TTTAGGG
scaffold_3,3020000,0,0,TTTAGGG
scaffold_3,3030000,0,0,TTTAGGG
scaffold_3,3040000,0,0,TTTAGGG
scaffold_3,3050000,1,0,TTTAGGG
scaffold_3,3060000,0,0,TTTAGGG
scaffold_3,3070000,0,1,TTTAGGG
scaffold_3,3080000,1,0,TTTAGGG
scaffold_3,3090000,2,0,TTTAGGG
scaffold_3,3100000,0,0,TTTAGGG
scaffold_3,3110000,0,0,TTTAGGG
scaffold_3,3120000,0,0,TTTAGGG
scaffold_3,3130000,0,0,TTTAGGG
scaffold_3,3140000,0,0,TTTAGGG
scaffold_3,3150000,0,0,TTTAGGG
scaffold_3,3160000,0,0,TTTAGGG
scaffold_3,3170000,0,0,TTTAGGG
scaffold_3,3180000,0,0,TTTAGGG
scaffold_3,3190000,0,0,TTTAGGG
scaffold_3,3200000,0,0,TTTAGGG
scaffold_3,3210000,1,0,TTTAGGG
scaffold_3,3220000,0,0,TTTAGGG
scaffold_3,3230000,1,0,TTTAGGG
scaffold_3,3240000,0,0,TTTAGGG
scaffold_3,3250000,0,0,TTTAGGG
scaffold_3,3260000,0,0,TTTAGGG
scaffold_3,3270000,0,0,TTTAGGG
scaffold_3,3280000,0,0,TTTAGGG
scaffold_3,3290000,0,0,TTTAGGG
scaffold_3,3300000,1,0,TTTAGGG
scaffold_3,3310000,0,2,TTTAGGG
scaffold_3,3320000,1,1,TTTAGGG
scaffold_3,3330000,0,0,TTTAGGG
scaffold_3,3340000,0,0,TTTAGGG
scaffold_3,3350000,0,1,TTTAGGG
scaffold_3,3360000,1,1,TTTAGGG
scaffold_3,3370000,0,0,TTTAGGG
scaffold_3,3380000,1,1,TTTAGGG
scaffold_3,3390000,0,0,TTTAGGG
scaffold_3,3400000,0,1,TTTAGGG
scaffold_3,3410000,0,0,TTTAGGG
scaffold_3,3420000,0,0,TTTAGGG
scaffold_3,3430000,1,0,TTTAGGG
scaffold_3,3440000,0,0,TTTAGGG
scaffold_3,3450000,0,0,TTTAGGG
scaffold_3,3460000,0,1,TTTAGGG
scaffold_3,3470000,0,0,TTTAGGG
scaffold_3,3480000,0,0,TTTAGGG
scaffold_3,3490000,0,0,TTTAGGG
scaffold_3,3500000,1,0,TTTAGGG
scaffold_3,3510000,0,0,TTTAGGG
scaffold_3,3520000,0,0,TTTAGGG
scaffold_3,3530000,2,0,TTTAGGG
scaffold_3,3540000,0,0,TTTAGGG
scaffold_3,3550000,0,2,TTTAGGG
scaffold_3,3560000,0,0,TTTAGGG
scaffold_3,3570000,0,0,TTTAGGG
scaffold_3,3580000,0,1,TTTAGGG
scaffold_3,3590000,0,0,TTTAGGG
scaffold_3,3600000,1,0,TTTAGGG
scaffold_3,3610000,0,1,TTTAGGG
scaffold_3,3620000,0,0,TTTAGGG
scaffold_3,3630000,0,1,TTTAGGG
scaffold_3,3640000,0,0,TTTAGGG
scaffold_3,3650000,0,0,TTTAGGG
scaffold_3,3660000,0,0,TTTAGGG
scaffold_3,3670000,0,0,TTTAGGG
scaffold_3,3680000,1,0,TTTAGGG
scaffold_3,3690000,0,0,TTTAGGG
scaffold_3,3700000,0,0,TTTAGGG
scaffold_3,3710000,0,0,TTTAGGG
scaffold_3,3720000,0,0,TTTAGGG
scaffold_3,3730000,11,0,TTTAGGG
scaffold_4,10000,0,10,TTTAGGG
scaffold_4,20000,0,1,TTTAGGG
scaffold_4,30000,0,1,TTTAGGG
scaffold_4,40000,0,0,TTTAGGG
scaffold_4,50000,0,0,TTTAGGG
scaffold_4,60000,0,0,TTTAGGG
scaffold_4,70000,0,0,TTTAGGG
scaffold_4,80000,0,0,TTTAGGG
scaffold_4,90000,0,0,TTTAGGG
scaffold_4,100000,1,0,TTTAGGG
scaffold_4,110000,0,0,TTTAGGG
scaffold_4,120000,1,0,TTTAGGG
scaffold_4,130000,0,0,TTTAGGG
scaffold_4,140000,0,1,TTTAGGG
scaffold_4,150000,0,1,TTTAGGG
scaffold_4,160000,0,0,TTTAGGG
scaffold_4,170000,0,1,TTTAGGG
scaffold_4,180000,0,0,TTTAGGG
scaffold_4,190000,0,0,TTTAGGG
scaffold_4,200000,1,0,TTTAGGG
scaffold_4,210000,0,0,TTTAGGG
scaffold_4,220000,0,2,TTTAGGG
scaffold_4,230000,0,1,TTTAGGG
scaffold_4,240000,0,0,TTTAGGG
scaffold_4,250000,0,0,TTTAGGG
scaffold_4,260000,1,1,TTTAGGG
scaffold_4,270000,0,0,TTTAGGG
scaffold_4,280000,0,0,TTTAGGG
scaffold_4,290000,0,0,TTTAGGG
scaffold_4,300000,0,0,TTTAGGG
scaffold_4,310000,0,0,TTTAGGG
scaffold_4,320000,0,1,TTTAGGG
scaffold_4,330000,1,0,TTTAGGG
scaffold_4,340000,0,0,TTTAGGG
scaffold_4,350000,0,0,TTTAGGG
scaffold_4,360000,1,0,TTTAGGG
scaffold_4,370000,0,0,TTTAGGG
scaffold_4,380000,0,0,TTTAGGG
scaffold_4,390000,1,0,TTTAGGG
scaffold_4,400000,0,0,TTTAGGG
scaffold_4,410000,1,0,TTTAGGG
scaffold_4,420000,0,0,TTTAGGG
scaffold_4,430000,0,0,TTTAGGG
scaffold_4,440000,0,0,TTTAGGG
scaffold_4,450000,1,2,TTTAGGG
scaffold_4,460000,0,1,TTTAGGG
scaffold_4,470000,0,0,TTTAGGG
scaffold_4,480000,0,0,TTTAGGG
scaffold_4,490000,0,1,TTTAGGG
scaffold_4,500000,0,0,TTTAGGG
scaffold_4,510000,1,0,TTTAGGG
scaffold_4,520000,0,0,TTTAGGG
scaffold_4,530000,0,0,TTTAGGG
scaffold_4,540000,0,0,TTTAGGG
scaffold_4,550000,0,0,TTTAGGG
scaffold_4,560000,0,0,TTTAGGG
scaffold_4,570000,0,0,TTTAGGG
scaffold_4,580000,1,0,TTTAGGG
scaffold_4,590000,0,0,TTTAGGG
scaffold_4,600000,0,0,TTTAGGG
scaffold_4,610000,0,0,TTTAGGG
scaffold_4,620000,0,0,TTTAGGG
scaffold_4,630000,1,0,TTTAGGG
scaffold_4,640000,0,0,TTTAGGG
scaffold_4,650000,0,0,TTTAGGG
scaffold_4,660000,1,1,TTTAGGG
scaffold_4,670000,0,0,TTTAGGG
scaffold_4,680000,0,0,TTTAGGG
scaffold_4,690000,0,0,TTTAGGG
scaffold_4,700000,0,0,TTTAGGG
scaffold_4,710000,0,0,TTTAGGG
scaffold_4,720000,0,0,TTTAGGG
scaffold_4,730000,0,1,TTTAGGG
scaffold_4,740000,0,0,TTTAGGG
scaffold_4,750000,0,0,TTTAGGG
scaffold_4,760000,0,0,TTTAGGG
scaffold_4,770000,0,0,TTTAGGG
scaffold_4,780000,0,0,TTTAGGG
scaffold_4,790000,0,0,TTTAGGG
scaffold_4,800000,0,0,TTTAGGG
scaffold_4,810000,0,1,TTTAGGG
scaffold_4,820000,0,0,TTTAGGG
scaffold_4,830000,0,0,TTTAGGG
scaffold_4,840000,0,0,TTTAGGG
scaffold_4,850000,0,0,TTTAGGG
scaffold_4,860000,0,1,TTTAGGG
scaffold_4,870000,0,0,TTTAGGG
scaffold_4,880000,0,0,TTTAGGG
scaffold_4,890000,1,0,TTTAGGG
scaffold_4,900000,0,0,TTTAGGG
scaffold_4,910000,0,2,TTTAGGG
scaffold_4,920000,0,1,TTTAGGG
scaffold_4,930000,0,0,TTTAGGG
scaffold_4,940000,0,0,TTTAGGG
scaffold_4,950000,0,0,TTTAGGG
scaffold_4,960000,0,0,TTTAGGG
scaffold_4,970000,0,1,TTTAGGG
scaffold_4,980000,0,1,TTTAGGG
scaffold_4,990000,0,0,TTTAGGG
scaffold_4,1000000,0,0,TTTAGGG
scaffold_4,1010000,0,0,TTTAGGG
scaffold_4,1020000,0,0,TTTAGGG
scaffold_4,1030000,0,0,TTTAGGG
scaffold_4,1040000,0,0,TTTAGGG
scaffold_4,1050000,0,0,TTTAGGG
scaffold_4,1060000,0,0,TTTAGGG
scaffold_4,1070000,1,0,TTTAGGG
scaffold_4,1080000,1,0,TTTAGGG
scaffold_4,1090000,0,1,TTTAGGG
scaffold_4,1100000,0,0,TTTAGGG
scaffold_4,1110000,0,1,TTTAGGG
scaffold_4,1120000,0,0,TTTAGGG
scaffold_4,1130000,0,0,TTTAGGG
scaffold_4,1140000,0,1,TTTAGGG
scaffold_4,1150000,0,0,TTTAGGG
scaffold_4,1160000,0,0,TTTAGGG
scaffold_4,1170000,0,2,TTTAGGG
scaffold_4,1180000,0,0,TTTAGGG
scaffold_4,1190000,0,0,TTTAGGG
scaffold_4,1200000,1,0,TTTAGGG
scaffold_4,1210000,0,0,TTTAGGG
scaffold_4,1220000,0,0,TTTAGGG
scaffold_4,1230000,0,0,TTTAGGG
scaffold_4,1240000,0,0,TTTAGGG
scaffold_4,1250000,0,0,TTTAGGG
scaffold_4,1260000,1,0,TTTAGGG
scaffold_4,1270000,0,1,TTTAGGG
scaffold_4,1280000,0,0,TTTAGGG
scaffold_4,1290000,0,0,TTTAGGG
scaffold_4,1300000,0,0,TTTAGGG
scaffold_4,1310000,0,0,TTTAGGG
scaffold_4,1320000,0,0,TTTAGGG
scaffold_4,1330000,0,0,TTTAGGG
scaffold_4,1340000,0,0,TTTAGGG
scaffold_4,1350000,0,0,TTTAGGG
scaffold_4,1360000,0,0,TTTAGGG
scaffold_4,1370000,0,2,TTTAGGG
scaffold_4,1380000,0,0,TTTAGGG
scaffold_4,1390000,1,0,TTTAGGG
scaffold_4,1400000,0,1,TTTAGGG
scaffold_4,1410000,0,0,TTTAGGG
scaffold_4,1420000,1,1,TTTAGGG
scaffold_4,1430000,0,0,TTTAGGG
scaffold_4,1440000,0,0,TTTAGGG
scaffold_4,1450000,0,1,TTTAGGG
scaffold_4,1460000,1,0,TTTAGGG
scaffold_4,1470000,0,0,TTTAGGG
scaffold_4,1480000,0,0,TTTAGGG
scaffold_4,1490000,0,0,TTTAGGG
scaffold_4,1500000,0,0,TTTAGGG
scaffold_4,1510000,0,0,TTTAGGG
scaffold_4,1520000,0,0,TTTAGGG
scaffold_4,1530000,0,0,TTTAGGG
scaffold_4,1540000,0,0,TTTAGGG
scaffold_4,1550000,0,0,TTTAGGG
scaffold_4,1560000,1,1,TTTAGGG
scaffold_4,1570000,0,0,TTTAGGG
scaffold_4,1580000,0,0,TTTAGGG
scaffold_4,1590000,1,0,TTTAGGG
scaffold_4,1600000,0,0,TTTAGGG
scaffold_4,1610000,2,1,TTTAGGG
scaffold_4,1620000,2,2,TTTAGGG
scaffold_4,1630000,0,0,TTTAGGG
scaffold_4,1640000,0,0,TTTAGGG
scaffold_4,1650000,1,2,TTTAGGG
scaffold_4,1660000,2,1,TTTAGGG
scaffold_4,1670000,0,0,TTTAGGG
scaffold_4,1680000,0,0,TTTAGGG
scaffold_4,1690000,0,1,TTTAGGG
scaffold_4,1700000,0,0,TTTAGGG
scaffold_4,1710000,0,0,TTTAGGG
scaffold_4,1720000,0,0,TTTAGGG
scaffold_4,1730000,0,1,TTTAGGG
scaffold_4,1740000,0,0,TTTAGGG
scaffold_4,1750000,0,0,TTTAGGG
scaffold_4,1760000,0,0,TTTAGGG
scaffold_4,1770000,0,0,TTTAGGG
scaffold_4,1780000,0,0,TTTAGGG
scaffold_4,1790000,0,0,TTTAGGG
scaffold_4,1800000,0,1,TTTAGGG
scaffold_4,1810000,0,0,TTTAGGG
scaffold_4,1820000,0,0,TTTAGGG
scaffold_4,1830000,0,0,TTTAGGG
scaffold_4,1840000,0,0,TTTAGGG
scaffold_4,1850000,0,0,TTTAGGG
scaffold_4,1860000,0,0,TTTAGGG
scaffold_4,1870000,0,0,TTTAGGG
scaffold_4,1880000,0,0,TTTAGGG
scaffold_4,1890000,0,0,TTTAGGG
scaffold_4,1900000,0,0,TTTAGGG
scaffold_4,1910000,1,0,TTTAGGG
scaffold_4,1920000,0,0,TTTAGGG
scaffold_4,1930000,0,0,TTTAGGG
scaffold_4,1940000,1,0,TTTAGGG
scaffold_4,1950000,0,0,TTTAGGG
scaffold_4,1960000,0,1,TTTAGGG
scaffold_4,1970000,1,0,TTTAGGG
scaffold_4,1980000,0,0,TTTAGGG
scaffold_4,1990000,0,0,TTTAGGG
scaffold_4,2000000,1,0,TTTAGGG
scaffold_4,2010000,0,0,TTTAGGG
scaffold_4,2020000,0,0,TTTAGGG
scaffold_4,2030000,0,0,TTTAGGG
scaffold_4,2040000,0,0,TTTAGGG
scaffold_4,2050000,0,0,TTTAGGG
scaffold_4,2060000,1,0,TTTAGGG
scaffold_4,2070000,1,0,TTTAGGG
scaffold_4,2080000,0,0,TTTAGGG
scaffold_4,2090000,0,0,TTTAGGG
scaffold_4,2100000,0,1,TTTAGGG
scaffold_4,2110000,0,0,TTTAGGG
scaffold_4,2120000,0,1,TTTAGGG
scaffold_4,2130000,0,0,TTTAGGG
scaffold_4,2140000,0,0,TTTAGGG
scaffold_4,2150000,0,0,TTTAGGG
scaffold_4,2160000,0,0,TTTAGGG
scaffold_4,2170000,0,0,TTTAGGG
scaffold_4,2180000,0,0,TTTAGGG
scaffold_4,2190000,0,1,TTTAGGG
scaffold_4,2200000,1,0,TTTAGGG
scaffold_4,2210000,1,0,TTTAGGG
scaffold_4,2220000,0,1,TTTAGGG
scaffold_4,2230000,0,0,TTTAGGG
scaffold_4,2240000,1,0,TTTAGGG
scaffold_4,2250000,1,0,TTTAGGG
scaffold_4,2260000,0,0,TTTAGGG
scaffold_4,2270000,0,0,TTTAGGG
scaffold_4,2280000,0,0,TTTAGGG
scaffold_4,2290000,0,0,TTTAGGG
scaffold_4,2300000,0,0,TTTAGGG
scaffold_4,2310000,1,0,TTTAGGG
scaffold_4,2320000,1,0,TTTAGGG
scaffold_4,2330000,1,2,TTTAGGG
scaffold_4,2340000,0,0,TTTAGGG
scaffold_4,2350000,0,0,TTTAGGG
scaffold_4,2360000,0,0,TTTAGGG
scaffold_4,2370000,0,1,TTTAGGG
scaffold_4,2380000,0,0,TTTAGGG
scaffold_4,2390000,1,0,TTTAGGG
scaffold_4,2400000,1,0,TTTAGGG
scaffold_4,2410000,0,1,TTTAGGG
scaffold_4,2420000,0,0,TTTAGGG
scaffold_4,2430000,0,0,TTTAGGG
scaffold_4,2440000,0,0,TTTAGGG
scaffold_4,2450000,0,0,TTTAGGG
scaffold_4,2460000,0,0,TTTAGGG
scaffold_4,2470000,1,0,TTTAGGG
scaffold_4,2480000,0,0,TTTAGGG
scaffold_4,2490000,0,0,TTTAGGG
scaffold_4,2500000,0,0,TTTAGGG
scaffold_4,2510000,0,0,TTTAGGG
scaffold_4,2520000,1,1,TTTAGGG
scaffold_4,2530000,0,0,TTTAGGG
scaffold_4,2540000,0,0,TTTAGGG
scaffold_4,2550000,1,0,TTTAGGG
scaffold_4,2560000,0,2,TTTAGGG
scaffold_4,2570000,0,0,TTTAGGG
scaffold_4,2580000,0,0,TTTAGGG
scaffold_4,2590000,1,0,TTTAGGG
scaffold_4,2600000,0,0,TTTAGGG
scaffold_4,2610000,1,0,TTTAGGG
scaffold_4,2620000,0,0,TTTAGGG
scaffold_4,2630000,0,0,TTTAGGG
scaffold_4,2640000,0,1,TTTAGGG
scaffold_4,2650000,0,0,TTTAGGG
scaffold_4,2660000,0,0,TTTAGGG
scaffold_4,2670000,0,1,TTTAGGG
scaffold_4,2680000,0,1,TTTAGGG
scaffold_4,2690000,0,0,TTTAGGG
scaffold_4,2700000,0,0,TTTAGGG
scaffold_4,2710000,1,1,TTTAGGG
scaffold_4,2720000,0,0,TTTAGGG
scaffold_4,2730000,0,0,TTTAGGG
scaffold_4,2740000,0,0,TTTAGGG
scaffold_4,2750000,0,1,TTTAGGG
scaffold_4,2760000,0,0,TTTAGGG
scaffold_4,2770000,0,1,TTTAGGG
scaffold_4,2780000,0,0,TTTAGGG
scaffold_4,2790000,0,0,TTTAGGG
scaffold_4,2800000,0,0,TTTAGGG
scaffold_4,2810000,0,0,TTTAGGG
scaffold_4,2820000,0,0,TTTAGGG
scaffold_4,2830000,1,0,TTTAGGG
scaffold_4,2840000,0,1,TTTAGGG
scaffold_4,2850000,0,0,TTTAGGG
scaffold_4,2860000,0,0,TTTAGGG
scaffold_4,2870000,0,0,TTTAGGG
scaffold_4,2880000,0,0,TTTAGGG
scaffold_4,2890000,0,1,TTTAGGG
scaffold_4,2900000,0,1,TTTAGGG
scaffold_4,2910000,1,0,TTTAGGG
scaffold_4,2920000,0,0,TTTAGGG
scaffold_4,2930000,1,0,TTTAGGG
scaffold_4,2940000,0,0,TTTAGGG
scaffold_4,2950000,0,0,TTTAGGG
scaffold_4,2960000,0,0,TTTAGGG
scaffold_4,2970000,0,0,TTTAGGG
scaffold_4,2980000,2,0,TTTAGGG
scaffold_4,2990000,0,0,TTTAGGG
scaffold_4,3000000,0,1,TTTAGGG
scaffold_4,3010000,5,1,TTTAGGG
scaffold_4,3020000,2,1,TTTAGGG
scaffold_4,3030000,0,2,TTTAGGG
scaffold_4,3040000,0,1,TTTAGGG
scaffold_4,3050000,0,0,TTTAGGG
scaffold_4,3060000,0,0,TTTAGGG
scaffold_4,3070000,0,0,TTTAGGG
scaffold_4,3080000,0,2,TTTAGGG
scaffold_4,3090000,2,3,TTTAGGG
scaffold_4,3100000,0,0,TTTAGGG
scaffold_4,3110000,0,0,TTTAGGG
scaffold_4,3120000,1,0,TTTAGGG
scaffold_4,3130000,0,0,TTTAGGG
scaffold_4,3140000,1,0,TTTAGGG
scaffold_4,3150000,1,0,TTTAGGG
scaffold_4,3160000,0,0,TTTAGGG
scaffold_4,3170000,0,0,TTTAGGG
scaffold_4,3180000,0,1,TTTAGGG
scaffold_4,3190000,0,0,TTTAGGG
scaffold_4,3200000,1,0,TTTAGGG
scaffold_4,3210000,0,0,TTTAGGG
scaffold_4,3220000,1,1,TTTAGGG
scaffold_4,3230000,0,0,TTTAGGG
scaffold_4,3240000,0,0,TTTAGGG
scaffold_4,3250000,0,0,TTTAGGG
scaffold_4,3260000,2,0,TTTAGGG
scaffold_4,3270000,0,0,TTTAGGG
scaffold_4,3280000,0,0,TTTAGGG
scaffold_4,3290000,0,0,TTTAGGG
scaffold_4,3300000,0,0,TTTAGGG
scaffold_4,3310000,1,1,TTTAGGG
scaffold_4,3320000,0,0,TTTAGGG
scaffold_4,3330000,0,1,TTTAGGG
scaffold_4,3340000,0,0,TTTAGGG
scaffold_4,3350000,0,0,TTTAGGG
scaffold_4,3360000,0,0,TTTAGGG
scaffold_4,3370000,0,1,TTTAGGG
scaffold_4,3380000,0,0,TTTAGGG
scaffold_4,3390000,0,0,TTTAGGG
scaffold_4,3400000,0,0,TTTAGGG
scaffold_4,3410000,0,0,TTTAGGG
scaffold_4,3420000,3,0,TTTAGGG
scaffold_4,3430000,0,0,TTTAGGG
scaffold_4,3440000,0,0,TTTAGGG
scaffold_4,3450000,0,0,TTTAGGG
scaffold_4,3460000,0,1,TTTAGGG
scaffold_4,3470000,0,0,TTTAGGG
scaffold_4,3480000,0,0,TTTAGGG
scaffold_4,3490000,0,1,TTTAGGG
scaffold_4,3500000,0,0,TTTAGGG
scaffold_4,3510000,0,1,TTTAGGG
scaffold_4,3520000,0,0,TTTAGGG
scaffold_4,3530000,0,0,TTTAGGG
scaffold_4,3540000,0,0,TTTAGGG
scaffold_4,3550000,0,0,TTTAGGG
scaffold_4,3560000,1,0,TTTAGGG
scaffold_4,3570000,0,0,TTTAGGG
scaffold_4,3580000,0,0,TTTAGGG
scaffold_4,3590000,0,0,TTTAGGG
scaffold_4,3600000,0,0,TTTAGGG
scaffold_4,3610000,0,0,TTTAGGG
scaffold_4,3620000,0,0,TTTAGGG
scaffold_4,3630000,0,0,TTTAGGG
scaffold_4,3640000,0,0,TTTAGGG
scaffold_4,3650000,1,0,TTTAGGG
scaffold_4,3660000,0,0,TTTAGGG
scaffold_4,3670000,0,0,TTTAGGG
scaffold_4,3680000,12,0,TTTAGGG
scaffold_5,10000,0,10,TTTAGGG
scaffold_5,20000,0,1,TTTAGGG
scaffold_5,30000,0,0,TTTAGGG
scaffold_5,40000,0,0,TTTAGGG
scaffold_5,50000,0,0,TTTAGGG
scaffold_5,60000,0,0,TTTAGGG
scaffold_5,70000,0,0,TTTAGGG
scaffold_5,80000,0,0,TTTAGGG
scaffold_5,90000,0,0,TTTAGGG
scaffold_5,100000,0,0,TTTAGGG
scaffold_5,110000,0,1,TTTAGGG
scaffold_5,120000,0,0,TTTAGGG
scaffold_5,130000,0,0,TTTAGGG
scaffold_5,140000,0,0,TTTAGGG
scaffold_5,150000,0,0,TTTAGGG
scaffold_5,160000,0,1,TTTAGGG
scaffold_5,170000,0,0,TTTAGGG
scaffold_5,180000,0,0,TTTAGGG
scaffold_5,190000,0,0,TTTAGGG
scaffold_5,200000,1,0,TTTAGGG
scaffold_5,210000,0,0,TTTAGGG
scaffold_5,220000,1,0,TTTAGGG
scaffold_5,230000,2,0,TTTAGGG
scaffold_5,240000,0,0,TTTAGGG
scaffold_5,250000,0,0,TTTAGGG
scaffold_5,260000,0,0,TTTAGGG
scaffold_5,270000,0,0,TTTAGGG
scaffold_5,280000,1,0,TTTAGGG
scaffold_5,290000,0,0,TTTAGGG
scaffold_5,300000,0,0,TTTAGGG
scaffold_5,310000,0,0,TTTAGGG
scaffold_5,320000,0,0,TTTAGGG
scaffold_5,330000,0,1,TTTAGGG
scaffold_5,340000,0,0,TTTAGGG
scaffold_5,350000,0,0,TTTAGGG
scaffold_5,360000,0,0,TTTAGGG
scaffold_5,370000,0,0,TTTAGGG
scaffold_5,380000,0,0,TTTAGGG
scaffold_5,390000,1,0,TTTAGGG
scaffold_5,400000,0,0,TTTAGGG
scaffold_5,410000,1,0,TTTAGGG
scaffold_5,420000,0,0,TTTAGGG
scaffold_5,430000,0,0,TTTAGGG
scaffold_5,440000,0,0,TTTAGGG
scaffold_5,450000,0,1,TTTAGGG
scaffold_5,460000,0,0,TTTAGGG
scaffold_5,470000,0,0,TTTAGGG
scaffold_5,480000,0,0,TTTAGGG
scaffold_5,490000,0,0,TTTAGGG
scaffold_5,500000,0,0,TTTAGGG
scaffold_5,510000,0,0,TTTAGGG
scaffold_5,520000,0,1,TTTAGGG
scaffold_5,530000,0,0,TTTAGGG
scaffold_5,540000,0,0,TTTAGGG
scaffold_5,550000,0,0,TTTAGGG
scaffold_5,560000,0,0,TTTAGGG
scaffold_5,570000,0,0,TTTAGGG
scaffold_5,580000,0,0,TTTAGGG
scaffold_5,590000,1,0,TTTAGGG
scaffold_5,600000,0,0,TTTAGGG
scaffold_5,610000,1,0,TTTAGGG
scaffold_5,620000,0,0,TTTAGGG
scaffold_5,630000,1,0,TTTAGGG
scaffold_5,640000,0,0,TTTAGGG
scaffold_5,650000,0,0,TTTAGGG
scaffold_5,660000,0,0,TTTAGGG
scaffold_5,670000,0,1,TTTAGGG
scaffold_5,680000,0,0,TTTAGGG
scaffold_5,690000,0,1,TTTAGGG
scaffold_5,700000,0,0,TTTAGGG
scaffold_5,710000,0,0,TTTAGGG
scaffold_5,720000,0,2,TTTAGGG
scaffold_5,730000,0,0,TTTAGGG
scaffold_5,740000,0,0,TTTAGGG
scaffold_5,750000,2,0,TTTAGGG
scaffold_5,760000,0,1,TTTAGGG
scaffold_5,770000,0,5,TTTAGGG
scaffold_5,780000,0,2,TTTAGGG
scaffold_5,790000,1,1,TTTAGGG
scaffold_5,800000,0,0,TTTAGGG
scaffold_5,810000,0,0,TTTAGGG
scaffold_5,820000,1,0,TTTAGGG
scaffold_5,830000,0,1,TTTAGGG
scaffold_5,840000,0,0,TTTAGGG
scaffold_5,850000,0,0,TTTAGGG
scaffold_5,860000,1,1,TTTAGGG
scaffold_5,870000,0,0,TTTAGGG
scaffold_5,880000,0,0,TTTAGGG
scaffold_5,890000,0,0,TTTAGGG
scaffold_5,900000,0,0,TTTAGGG
scaffold_5,910000,0,0,TTTAGGG
scaffold_5,920000,0,0,TTTAGGG
scaffold_5,930000,0,0,TTTAGGG
scaffold_5,940000,0,0,TTTAGGG
scaffold_5,950000,0,0,TTTAGGG
scaffold_5,960000,0,0,TTTAGGG
scaffold_5,970000,0,0,TTTAGGG
scaffold_5,980000,1,0,TTTAGGG
scaffold_5,990000,0,0,TTTAGGG
scaffold_5,1000000,2,0,TTTAGGG
scaffold_5,1010000,1,1,TTTAGGG
scaffold_5,1020000,1,0,TTTAGGG
scaffold_5,1030000,0,0,TTTAGGG
scaffold_5,1040000,0,0,TTTAGGG
scaffold_5,1050000,0,0,TTTAGGG
scaffold_5,1060000,0,0,TTTAGGG
scaffold_5,1070000,0,0,TTTAGGG
scaffold_5,1080000,2,0,TTTAGGG
scaffold_5,1090000,0,0,TTTAGGG
scaffold_5,1100000,0,1,TTTAGGG
scaffold_5,1110000,0,0,TTTAGGG
scaffold_5,1120000,0,0,TTTAGGG
scaffold_5,1130000,0,0,TTTAGGG
scaffold_5,1140000,0,0,TTTAGGG
scaffold_5,1150000,0,0,TTTAGGG
scaffold_5,1160000,0,0,TTTAGGG
scaffold_5,1170000,0,0,TTTAGGG
scaffold_5,1180000,0,0,TTTAGGG
scaffold_5,1190000,1,0,TTTAGGG
scaffold_5,1200000,0,0,TTTAGGG
scaffold_5,1210000,0,0,TTTAGGG
scaffold_5,1220000,1,0,TTTAGGG
scaffold_5,1230000,0,0,TTTAGGG
scaffold_5,1240000,1,0,TTTAGGG
scaffold_5,1250000,0,0,TTTAGGG
scaffold_5,1260000,0,0,TTTAGGG
scaffold_5,1270000,0,0,TTTAGGG
scaffold_5,1280000,0,0,TTTAGGG
scaffold_5,1290000,0,0,TTTAGGG
scaffold_5,1300000,0,0,TTTAGGG
scaffold_5,1310000,0,0,TTTAGGG
scaffold_5,1320000,0,0,TTTAGGG
scaffold_5,1330000,0,0,TTTAGGG
scaffold_5,1340000,1,1,TTTAGGG
scaffold_5,1350000,0,0,TTTAGGG
scaffold_5,1360000,2,0,TTTAGGG
scaffold_5,1370000,1,0,TTTAGGG
scaffold_5,1380000,0,1,TTTAGGG
scaffold_5,1390000,0,0,TTTAGGG
scaffold_5,1400000,0,1,TTTAGGG
scaffold_5,1410000,0,0,TTTAGGG
scaffold_5,1420000,0,1,TTTAGGG
scaffold_5,1430000,0,0,TTTAGGG
scaffold_5,1440000,0,0,TTTAGGG
scaffold_5,1450000,0,0,TTTAGGG
scaffold_5,1460000,0,0,TTTAGGG
scaffold_5,1470000,1,0,TTTAGGG
scaffold_5,1480000,0,0,TTTAGGG
scaffold_5,1490000,0,0,TTTAGGG
scaffold_5,1500000,0,0,TTTAGGG
scaffold_5,1510000,1,0,TTTAGGG
scaffold_5,1520000,0,0,TTTAGGG
scaffold_5,1530000,0,0,TTTAGGG
scaffold_5,1540000,0,0,TTTAGGG
scaffold_5,1550000,0,0,TTTAGGG
scaffold_5,1560000,0,1,TTTAGGG
scaffold_5,1570000,0,0,TTTAGGG
scaffold_5,1580000,0,0,TTTAGGG
scaffold_5,1590000,0,0,TTTAGGG
scaffold_5,1600000,1,0,TTTAGGG
scaffold_5,1610000,0,0,TTTAGGG
scaffold_5,1620000,0,1,TTTAGGG
scaffold_5,1630000,0,0,TTTAGGG
scaffold_5,1640000,0,0,TTTAGGG
scaffold_5,1650000,0,0,TTTAGGG
scaffold_5,1660000,0,0,TTTAGGG
scaffold_5,1670000,0,0,TTTAGGG
scaffold_5,1680000,0,1,TTTAGGG
scaffold_5,1690000,1,0,TTTAGGG
scaffold_5,1700000,0,0,TTTAGGG
scaffold_5,1710000,0,0,TTTAGGG
scaffold_5,1720000,1,0,TTTAGGG
scaffold_5,1730000,0,0,TTTAGGG
scaffold_5,1740000,0,0,TTTAGGG
scaffold_5,1750000,0,1,TTTAGGG
scaffold_5,1760000,0,0,TTTAGGG
scaffold_5,1770000,0,0,TTTAGGG
scaffold_5,1780000,0,0,TTTAGGG
scaffold_5,1790000,0,0,TTTAGGG
scaffold_5,1800000,0,0,TTTAGGG
scaffold_5,1810000,0,0,TTTAGGG
scaffold_5,1820000,0,0,TTTAGGG
scaffold_5,1830000,0,0,TTTAGGG
scaffold_5,1840000,0,1,TTTAGGG
scaffold_5,1850000,0,0,TTTAGGG
scaffold_5,1860000,0,0,TTTAGGG
scaffold_5,1870000,0,0,TTTAGGG
scaffold_5,1880000,0,0,TTTAGGG
scaffold_5,1890000,0,0,TTTAGGG
scaffold_5,1900000,0,0,TTTAGGG
scaffold_5,1910000,0,0,TTTAGGG
scaffold_5,1920000,0,0,TTTAGGG
scaffold_5,1930000,0,0,TTTAGGG
scaffold_5,1940000,0,0,TTTAGGG
scaffold_5,1950000,0,0,TTTAGGG
scaffold_5,1960000,0,0,TTTAGGG
scaffold_5,1970000,2,0,TTTAGGG
scaffold_5,1980000,1,0,TTTAGGG
scaffold_5,1990000,0,0,TTTAGGG
scaffold_5,2000000,0,0,TTTAGGG
scaffold_5,2010000,0,0,TTTAGGG
scaffold_5,2020000,0,2,TTTAGGG
scaffold_5,2030000,0,0,TTTAGGG
scaffold_5,2040000,1,0,TTTAGGG
scaffold_5,2050000,1,0,TTTAGGG
scaffold_5,2060000,0,0,TTTAGGG
scaffold_5,2070000,1,0,TTTAGGG
scaffold_5,2080000,0,1,TTTAGGG
scaffold_5,2090000,0,0,TTTAGGG
scaffold_5,2100000,0,0,TTTAGGG
scaffold_5,2110000,0,0,TTTAGGG
scaffold_5,2120000,0,0,TTTAGGG
scaffold_5,2130000,0,0,TTTAGGG
scaffold_5,2140000,0,0,TTTAGGG
scaffold_5,2150000,0,0,TTTAGGG
scaffold_5,2160000,0,0,TTTAGGG
scaffold_5,2170000,1,1,TTTAGGG
scaffold_5,2180000,0,0,TTTAGGG
scaffold_5,2190000,1,2,TTTAGGG
scaffold_5,2200000,0,1,TTTAGGG
scaffold_5,2210000,0,2,TTTAGGG
scaffold_5,2220000,0,0,TTTAGGG
scaffold_5,2230000,1,0,TTTAGGG
scaffold_5,2240000,1,0,TTTAGGG
scaffold_5,2250000,0,0,TTTAGGG
scaffold_5,2260000,0,0,TTTAGGG
scaffold_5,2270000,1,0,TTTAGGG
scaffold_5,2280000,0,0,TTTAGGG
scaffold_5,2290000,1,0,TTTAGGG
scaffold_5,2300000,0,3,TTTAGGG
scaffold_5,2310000,0,0,TTTAGGG
scaffold_5,2320000,0,3,TTTAGGG
scaffold_5,2330000,1,1,TTTAGGG
scaffold_5,2340000,0,0,TTTAGGG
scaffold_5,2350000,0,0,TTTAGGG
scaffold_5,2360000,0,0,TTTAGGG
scaffold_5,2370000,0,0,TTTAGGG
scaffold_5,2380000,0,0,TTTAGGG
scaffold_5,2390000,0,0,TTTAGGG
scaffold_5,2400000,0,0,TTTAGGG
scaffold_5,2410000,0,0,TTTAGGG
scaffold_5,2420000,0,0,TTTAGGG
scaffold_5,2430000,0,0,TTTAGGG
scaffold_5,2440000,1,1,TTTAGGG
scaffold_5,2450000,1,0,TTTAGGG
scaffold_5,2460000,1,0,TTTAGGG
scaffold_5,2470000,1,0,TTTAGGG
scaffold_5,2480000,0,0,TTTAGGG
scaffold_5,2490000,0,0,TTTAGGG
scaffold_5,2500000,0,0,TTTAGGG
scaffold_5,2510000,0,0,TTTAGGG
scaffold_5,2520000,0,0,TTTAGGG
scaffold_5,2530000,1,0,TTTAGGG
scaffold_5,2540000,1,0,TTTAGGG
scaffold_5,2550000,0,0,TTTAGGG
scaffold_5,2560000,1,1,TTTAGGG
scaffold_5,2570000,0,0,TTTAGGG
scaffold_5,2580000,0,0,TTTAGGG
scaffold_5,2590000,0,0,TTTAGGG
scaffold_5,2600000,0,0,TTTAGGG
scaffold_5,2610000,0,0,TTTAGGG
scaffold_5,2620000,1,0,TTTAGGG
scaffold_5,2630000,0,0,TTTAGGG
scaffold_5,2640000,0,1,TTTAGGG
scaffold_5,2650000,0,1,TTTAGGG
scaffold_5,2660000,0,0,TTTAGGG
scaffold_5,2670000,0,0,TTTAGGG
scaffold_5,2680000,0,1,TTTAGGG
scaffold_5,2690000,0,0,TTTAGGG
scaffold_5,2700000,0,0,TTTAGGG
scaffold_5,2710000,0,0,TTTAGGG
scaffold_5,2720000,2,0,TTTAGGG
scaffold_5,2730000,0,1,TTTAGGG
scaffold_5,2740000,0,0,TTTAGGG
scaffold_5,2750000,0,0,TTTAGGG
scaffold_5,2760000,1,0,TTTAGGG
scaffold_5,2770000,0,0,TTTAGGG
scaffold_5,2780000,0,0,TTTAGGG
scaffold_5,2790000,0,0,TTTAGGG
scaffold_5,2800000,0,0,TTTAGGG
scaffold_5,2810000,0,0,TTTAGGG
scaffold_5,2820000,0,0,TTTAGGG
scaffold_5,2830000,0,0,TTTAGGG
scaffold_5,2840000,1,0,TTTAGGG
scaffold_5,2850000,1,0,TTTAGGG
scaffold_5,2860000,0,1,TTTAGGG
scaffold_5,2870000,0,0,TTTAGGG
scaffold_5,2880000,0,0,TTTAGGG
scaffold_5,2890000,0,0,TTTAGGG
scaffold_5,2900000,1,0,TTTAGGG
scaffold_5,2910000,0,1,TTTAGGG
scaffold_5,2920000,0,0,TTTAGGG
scaffold_5,2930000,0,0,TTTAGGG
scaffold_5,2940000,0,0,TTTAGGG
scaffold_5,2950000,1,0,TTTAGGG
scaffold_5,2960000,0,0,TTTAGGG
scaffold_5,2970000,0,1,TTTAGGG
scaffold_5,2980000,1,0,TTTAGGG
scaffold_5,2990000,0,0,TTTAGGG
scaffold_5,3000000,1,0,TTTAGGG
scaffold_5,3010000,1,0,TTTAGGG
scaffold_5,3020000,0,0,TTTAGGG
scaffold_5,3030000,0,0,TTTAGGG
scaffold_5,3040000,0,0,TTTAGGG
scaffold_5,3050000,0,0,TTTAGGG
scaffold_5,3060000,0,0,TTTAGGG
scaffold_5,3070000,0,0,TTTAGGG
scaffold_5,3080000,2,0,TTTAGGG
scaffold_5,3090000,0,1,TTTAGGG
scaffold_5,3100000,0,0,TTTAGGG
scaffold_5,3110000,0,0,TTTAGGG
scaffold_5,3120000,1,0,TTTAGGG
scaffold_5,3130000,0,0,TTTAGGG
scaffold_5,3140000,1,1,TTTAGGG
scaffold_5,3150000,0,0,TTTAGGG
scaffold_5,3160000,0,0,TTTAGGG
scaffold_5,3170000,0,0,TTTAGGG
scaffold_5,3180000,0,0,TTTAGGG
scaffold_5,3190000,1,0,TTTAGGG
scaffold_5,3200000,0,0,TTTAGGG
scaffold_5,3210000,1,0,TTTAGGG
scaffold_5,3220000,0,0,TTTAGGG
scaffold_5,3230000,1,0,TTTAGGG
scaffold_5,3240000,0,0,TTTAGGG
scaffold_5,3250000,0,0,TTTAGGG
scaffold_5,3260000,0,0,TTTAGGG
scaffold_5,3270000,1,0,TTTAGGG
scaffold_5,3280000,1,0,TTTAGGG
scaffold_5,3290000,0,0,TTTAGGG
scaffold_5,3300000,0,2,TTTAGGG
scaffold_5,3310000,0,0,TTTAGGG
scaffold_5,3320000,0,0,TTTAGGG
scaffold_5,3330000,1,1,TTTAGGG
scaffold_5,3340000,0,0,TTTAGGG
scaffold_5,3350000,0,1,TTTAGGG
scaffold_5,3360000,0,0,TTTAGGG
scaffold_5,3370000,0,0,TTTAGGG
scaffold_5,3380000,0,0,TTTAGGG
scaffold_5,3390000,16,0,TTTAGGG
scaffold_6,10000,2,11,TTTAGGG
scaffold_6,20000,0,0,TTTAGGG
scaffold_6,30000,0,0,TTTAGGG
scaffold_6,40000,0,0,TTTAGGG
scaffold_6,50000,0,0,TTTAGGG
scaffold_6,60000,0,0,TTTAGGG
scaffold_6,70000,0,0,TTTAGGG
scaffold_6,80000,0,0,TTTAGGG
scaffold_6,90000,0,0,TTTAGGG
scaffold_6,100000,0,1,TTTAGGG
scaffold_6,110000,0,0,TTTAGGG
scaffold_6,120000,0,0,TTTAGGG
scaffold_6,130000,0,0,TTTAGGG
scaffold_6,140000,0,0,TTTAGGG
scaffold_6,150000,0,0,TTTAGGG
scaffold_6,160000,0,0,TTTAGGG
scaffold_6,170000,0,0,TTTAGGG
scaffold_6,180000,0,0,TTTAGGG
scaffold_6,190000,0,0,TTTAGGG
scaffold_6,200000,0,0,TTTAGGG
scaffold_6,210000,0,0,TTTAGGG
scaffold_6,220000,0,0,TTTAGGG
scaffold_6,230000,0,0,TTTAGGG
scaffold_6,240000,0,1,TTTAGGG
scaffold_6,250000,0,0,TTTAGGG
scaffold_6,260000,0,0,TTTAGGG
scaffold_6,270000,1,1,TTTAGGG
scaffold_6,280000,0,0,TTTAGGG
scaffold_6,290000,2,1,TTTAGGG
scaffold_6,300000,0,0,TTTAGGG
scaffold_6,310000,0,0,TTTAGGG
scaffold_6,320000,0,0,TTTAGGG
scaffold_6,330000,0,0,TTTAGGG
scaffold_6,340000,0,0,TTTAGGG
scaffold_6,350000,0,0,TTTAGGG
scaffold_6,360000,0,0,TTTAGGG
scaffold_6,370000,0,0,TTTAGGG
scaffold_6,380000,0,0,TTTAGGG
scaffold_6,390000,1,0,TTTAGGG
scaffold_6,400000,0,0,TTTAGGG
scaffold_6,410000,0,0,TTTAGGG
scaffold_6,420000,0,1,TTTAGGG
scaffold_6,430000,1,0,TTTAGGG
scaffold_6,440000,2,0,TTTAGGG
scaffold_6,450000,0,0,TTTAGGG
scaffold_6,460000,1,0,TTTAGGG
scaffold_6,470000,1,1,TTTAGGG
scaffold_6,480000,0,0,TTTAGGG
scaffold_6,490000,0,0,TTTAGGG
scaffold_6,500000,0,0,TTTAGGG
scaffold_6,510000,1,0,TTTAGGG
scaffold_6,520000,0,0,TTTAGGG
scaffold_6,530000,1,0,TTTAGGG
scaffold_6,540000,0,0,TTTAGGG
scaffold_6,550000,0,0,TTTAGGG
scaffold_6,560000,0,0,TTTAGGG
scaffold_6,570000,0,0,TTTAGGG
scaffold_6,580000,0,0,TTTAGGG
scaffold_6,590000,0,0,TTTAGGG
scaffold_6,600000,0,0,TTTAGGG
scaffold_6,610000,0,0,TTTAGGG
scaffold_6,620000,2,0,TTTAGGG
scaffold_6,630000,0,0,TTTAGGG
scaffold_6,640000,0,0,TTTAGGG
scaffold_6,650000,0,1,TTTAGGG
scaffold_6,660000,1,0,TTTAGGG
scaffold_6,670000,0,0,TTTAGGG
scaffold_6,680000,0,0,TTTAGGG
scaffold_6,690000,0,2,TTTAGGG
scaffold_6,700000,0,0,TTTAGGG
scaffold_6,710000,0,0,TTTAGGG
scaffold_6,720000,0,1,TTTAGGG
scaffold_6,730000,0,0,TTTAGGG
scaffold_6,740000,0,1,TTTAGGG
scaffold_6,750000,0,1,TTTAGGG
scaffold_6,760000,0,1,TTTAGGG
scaffold_6,770000,0,0,TTTAGGG
scaffold_6,780000,0,0,TTTAGGG
scaffold_6,790000,0,0,TTTAGGG
scaffold_6,800000,0,1,TTTAGGG
scaffold_6,810000,0,0,TTTAGGG
scaffold_6,820000,0,1,TTTAGGG
scaffold_6,830000,0,0,TTTAGGG
scaffold_6,840000,0,0,TTTAGGG
scaffold_6,850000,0,0,TTTAGGG
scaffold_6,860000,0,0,TTTAGGG
scaffold_6,870000,1,0,TTTAGGG
scaffold_6,880000,0,0,TTTAGGG
scaffold_6,890000,0,0,TTTAGGG
scaffold_6,900000,0,0,TTTAGGG
scaffold_6,910000,1,0,TTTAGGG
scaffold_6,920000,0,0,TTTAGGG
scaffold_6,930000,0,0,TTTAGGG
scaffold_6,940000,1,0,TTTAGGG
scaffold_6,950000,0,0,TTTAGGG
scaffold_6,960000,0,0,TTTAGGG
scaffold_6,970000,0,0,TTTAGGG
scaffold_6,980000,0,0,TTTAGGG
scaffold_6,990000,0,0,TTTAGGG
scaffold_6,1000000,0,0,TTTAGGG
scaffold_6,1010000,0,0,TTTAGGG
scaffold_6,1020000,0,1,TTTAGGG
scaffold_6,1030000,0,0,TTTAGGG
scaffold_6,1040000,0,0,TTTAGGG
scaffold_6,1050000,0,2,TTTAGGG
scaffold_6,1060000,0,0,TTTAGGG
scaffold_6,1070000,0,0,TTTAGGG
scaffold_6,1080000,0,0,TTTAGGG
scaffold_6,1090000,0,0,TTTAGGG
scaffold_6,1100000,0,0,TTTAGGG
scaffold_6,1110000,1,0,TTTAGGG
scaffold_6,1120000,0,0,TTTAGGG
scaffold_6,1130000,0,0,TTTAGGG
scaffold_6,1140000,1,0,TTTAGGG
scaffold_6,1150000,0,3,TTTAGGG
scaffold_6,1160000,1,0,TTTAGGG
scaffold_6,1170000,0,0,TTTAGGG
scaffold_6,1180000,0,0,TTTAGGG
scaffold_6,1190000,0,0,TTTAGGG
scaffold_6,1200000,0,0,TTTAGGG
scaffold_6,1210000,0,0,TTTAGGG
scaffold_6,1220000,0,0,TTTAGGG
scaffold_6,1230000,0,0,TTTAGGG
scaffold_6,1240000,0,0,TTTAGGG
scaffold_6,1250000,1,1,TTTAGGG
scaffold_6,1260000,0,0,TTTAGGG
scaffold_6,1270000,0,0,TTTAGGG
scaffold_6,1280000,0,0,TTTAGGG
scaffold_6,1290000,0,0,TTTAGGG
scaffold_6,1300000,1,0,TTTAGGG
scaffold_6,1310000,0,0,TTTAGGG
scaffold_6,1320000,0,0,TTTAGGG
scaffold_6,1330000,0,0,TTTAGGG
scaffold_6,1340000,0,1,TTTAGGG
scaffold_6,1350000,0,0,TTTAGGG
scaffold_6,1360000,0,1,TTTAGGG
scaffold_6,1370000,0,0,TTTAGGG
scaffold_6,1380000,0,0,TTTAGGG
scaffold_6,1390000,0,0,TTTAGGG
scaffold_6,1400000,0,0,TTTAGGG
scaffold_6,1410000,0,0,TTTAGGG
scaffold_6,1420000,0,1,TTTAGGG
scaffold_6,1430000,0,0,TTTAGGG
scaffold_6,1440000,0,0,TTTAGGG
scaffold_6,1450000,0,0,TTTAGGG
scaffold_6,1460000,0,1,TTTAGGG
scaffold_6,1470000,0,0,TTTAGGG
scaffold_6,1480000,0,0,TTTAGGG
scaffold_6,1490000,0,0,TTTAGGG
scaffold_6,1500000,0,0,TTTAGGG
scaffold_6,1510000,0,0,TTTAGGG
scaffold_6,1520000,1,0,TTTAGGG
scaffold_6,1530000,0,0,TTTAGGG
scaffold_6,1540000,0,0,TTTAGGG
scaffold_6,1550000,0,1,TTTAGGG
scaffold_6,1560000,0,0,TTTAGGG
scaffold_6,1570000,0,0,TTTAGGG
scaffold_6,1580000,0,0,TTTAGGG
scaffold_6,1590000,1,0,TTTAGGG
scaffold_6,1600000,0,0,TTTAGGG
scaffold_6,1610000,1,0,TTTAGGG
scaffold_6,1620000,1,0,TTTAGGG
scaffold_6,1630000,0,0,TTTAGGG
scaffold_6,1640000,0,0,TTTAGGG
scaffold_6,1650000,0,0,TTTAGGG
scaffold_6,1660000,0,1,TTTAGGG
scaffold_6,1670000,1,1,TTTAGGG
scaffold_6,1680000,0,0,TTTAGGG
scaffold_6,1690000,0,0,TTTAGGG
scaffold_6,1700000,0,0,TTTAGGG
scaffold_6,1710000,0,0,TTTAGGG
scaffold_6,1720000,2,4,TTTAGGG
scaffold_6,1730000,0,0,TTTAGGG
scaffold_6,1740000,1,1,TTTAGGG
scaffold_6,1750000,1,0,TTTAGGG
scaffold_6,1760000,0,1,TTTAGGG
scaffold_6,1770000,0,0,TTTAGGG
scaffold_6,1780000,0,0,TTTAGGG
scaffold_6,1790000,0,0,TTTAGGG
scaffold_6,1800000,0,0,TTTAGGG
scaffold_6,1810000,0,0,TTTAGGG
scaffold_6,1820000,0,0,TTTAGGG
scaffold_6,1830000,0,0,TTTAGGG
scaffold_6,1840000,0,0,TTTAGGG
scaffold_6,1850000,0,0,TTTAGGG
scaffold_6,1860000,0,0,TTTAGGG
scaffold_6,1870000,0,0,TTTAGGG
scaffold_6,1880000,0,0,TTTAGGG
scaffold_6,1890000,0,0,TTTAGGG
scaffold_6,1900000,0,0,TTTAGGG
scaffold_6,1910000,0,0,TTTAGGG
scaffold_6,1920000,0,0,TTTAGGG
scaffold_6,1930000,0,0,TTTAGGG
scaffold_6,1940000,1,0,TTTAGGG
scaffold_6,1950000,0,0,TTTAGGG
scaffold_6,1960000,0,0,TTTAGGG
scaffold_6,1970000,0,0,TTTAGGG
scaffold_6,1980000,0,0,TTTAGGG
scaffold_6,1990000,0,0,TTTAGGG
scaffold_6,2000000,0,1,TTTAGGG
scaffold_6,2010000,0,1,TTTAGGG
scaffold_6,2020000,0,0,TTTAGGG
scaffold_6,2030000,1,0,TTTAGGG
scaffold_6,2040000,0,0,TTTAGGG
scaffold_6,2050000,0,0,TTTAGGG
scaffold_6,2060000,0,0,TTTAGGG
scaffold_6,2070000,0,1,TTTAGGG
scaffold_6,2080000,0,0,TTTAGGG
scaffold_6,2090000,0,0,TTTAGGG
scaffold_6,2100000,1,1,TTTAGGG
scaffold_6,2110000,0,0,TTTAGGG
scaffold_6,2120000,0,0,TTTAGGG
scaffold_6,2130000,0,1,TTTAGGG
scaffold_6,2140000,0,0,TTTAGGG
scaffold_6,2150000,2,0,TTTAGGG
scaffold_6,2160000,1,0,TTTAGGG
scaffold_6,2170000,0,0,TTTAGGG
scaffold_6,2180000,0,0,TTTAGGG
scaffold_6,2190000,0,0,TTTAGGG
scaffold_6,2200000,0,0,TTTAGGG
scaffold_6,2210000,0,2,TTTAGGG
scaffold_6,2220000,1,0,TTTAGGG
scaffold_6,2230000,0,1,TTTAGGG
scaffold_6,2240000,0,0,TTTAGGG
scaffold_6,2250000,0,0,TTTAGGG
scaffold_6,2260000,0,0,TTTAGGG
scaffold_6,2270000,0,0,TTTAGGG
scaffold_6,2280000,0,0,TTTAGGG
scaffold_6,2290000,0,0,TTTAGGG
scaffold_6,2300000,1,0,TTTAGGG
scaffold_6,2310000,0,0,TTTAGGG
scaffold_6,2320000,0,0,TTTAGGG
scaffold_6,2330000,0,0,TTTAGGG
scaffold_6,2340000,0,0,TTTAGGG
scaffold_6,2350000,0,0,TTTAGGG
scaffold_6,2360000,0,0,TTTAGGG
scaffold_6,2370000,0,0,TTTAGGG
scaffold_6,2380000,0,0,TTTAGGG
scaffold_6,2390000,0,2,TTTAGGG
scaffold_6,2400000,0,1,TTTAGGG
scaffold_6,2410000,0,1,TTTAGGG
scaffold_6,2420000,0,0,TTTAGGG
scaffold_6,2430000,1,0,TTTAGGG
scaffold_6,2440000,0,0,TTTAGGG
scaffold_6,2450000,0,0,TTTAGGG
scaffold_6,2460000,0,0,TTTAGGG
scaffold_6,2470000,1,0,TTTAGGG
scaffold_6,2480000,0,0,TTTAGGG
scaffold_6,2490000,0,1,TTTAGGG
scaffold_6,2500000,0,1,TTTAGGG
scaffold_6,2510000,0,4,TTTAGGG
scaffold_6,2520000,0,0,TTTAGGG
scaffold_6,2530000,0,0,TTTAGGG
scaffold_6,2540000,0,0,TTTAGGG
scaffold_6,2550000,0,0,TTTAGGG
scaffold_6,2560000,0,0,TTTAGGG
scaffold_6,2570000,0,1,TTTAGGG
scaffold_6,2580000,0,0,TTTAGGG
scaffold_6,2590000,0,0,TTTAGGG
scaffold_6,2600000,0,1,TTTAGGG
scaffold_6,2610000,0,0,TTTAGGG
scaffold_6,2620000,0,1,TTTAGGG
scaffold_6,2630000,1,0,TTTAGGG
scaffold_6,2640000,0,0,TTTAGGG
scaffold_6,2650000,0,1,TTTAGGG
scaffold_6,2660000,0,0,TTTAGGG
scaffold_6,2670000,0,0,TTTAGGG
scaffold_6,2680000,0,0,TTTAGGG
scaffold_6,2690000,0,0,TTTAGGG
scaffold_6,2700000,0,0,TTTAGGG
scaffold_6,2710000,1,0,TTTAGGG
scaffold_6,2720000,1,1,TTTAGGG
scaffold_6,2730000,0,0,TTTAGGG
scaffold_6,2740000,0,0,TTTAGGG
scaffold_6,2750000,0,0,TTTAGGG
scaffold_6,2760000,1,0,TTTAGGG
scaffold_6,2770000,0,0,TTTAGGG
scaffold_6,2780000,0,0,TTTAGGG
scaffold_6,2790000,0,0,TTTAGGG
scaffold_6,2800000,0,1,TTTAGGG
scaffold_6,2810000,0,0,TTTAGGG
scaffold_6,2820000,0,1,TTTAGGG
scaffold_6,2830000,1,0,TTTAGGG
scaffold_6,2840000,0,0,TTTAGGG
scaffold_6,2850000,0,0,TTTAGGG
scaffold_6,2860000,0,0,TTTAGGG
scaffold_6,2870000,10,4,TTTAGGG
scaffold_7,10000,0,0,TTTAGGG
scaffold_7,20000,0,1,TTTAGGG
scaffold_7,30000,0,0,TTTAGGG
scaffold_7,40000,0,0,TTTAGGG
scaffold_7,50000,0,0,TTTAGGG
scaffold_7,60000,0,0,TTTAGGG
scaffold_7,70000,0,0,TTTAGGG
scaffold_7,80000,0,0,TTTAGGG
scaffold_7,90000,0,0,TTTAGGG
scaffold_7,100000,0,0,TTTAGGG
scaffold_7,110000,1,0,TTTAGGG
scaffold_7,120000,0,0,TTTAGGG
scaffold_7,130000,0,0,TTTAGGG
scaffold_7,140000,0,0,TTTAGGG
scaffold_7,150000,0,0,TTTAGGG
scaffold_7,160000,1,0,TTTAGGG
scaffold_7,170000,0,0,TTTAGGG
scaffold_7,180000,1,0,TTTAGGG
scaffold_7,190000,0,0,TTTAGGG
scaffold_7,200000,1,0,TTTAGGG
scaffold_7,210000,0,0,TTTAGGG
scaffold_7,220000,0,0,TTTAGGG
scaffold_7,230000,0,0,TTTAGGG
scaffold_7,240000,1,0,TTTAGGG
scaffold_7,250000,0,0,TTTAGGG
scaffold_7,260000,0,0,TTTAGGG
scaffold_7,270000,0,0,TTTAGGG
scaffold_7,280000,0,0,TTTAGGG
scaffold_7,290000,0,0,TTTAGGG
scaffold_7,300000,0,0,TTTAGGG
scaffold_7,310000,0,0,TTTAGGG
scaffold_7,320000,0,0,TTTAGGG
scaffold_7,330000,1,0,TTTAGGG
scaffold_7,340000,0,0,TTTAGGG
scaffold_7,350000,0,0,TTTAGGG
scaffold_7,360000,0,0,TTTAGGG
scaffold_7,370000,0,0,TTTAGGG
scaffold_7,380000,0,0,TTTAGGG
scaffold_7,390000,0,0,TTTAGGG
scaffold_7,400000,0,0,TTTAGGG
scaffold_7,410000,0,0,TTTAGGG
scaffold_7,420000,0,0,TTTAGGG
scaffold_7,430000,0,1,TTTAGGG
scaffold_7,440000,0,0,TTTAGGG
scaffold_7,450000,0,0,TTTAGGG
scaffold_7,460000,0,0,TTTAGGG
scaffold_7,470000,2,0,TTTAGGG
scaffold_7,480000,0,0,TTTAGGG
scaffold_7,490000,0,1,TTTAGGG
scaffold_7,500000,1,0,TTTAGGG
scaffold_7,510000,0,0,TTTAGGG
scaffold_7,520000,0,1,TTTAGGG
scaffold_7,530000,1,0,TTTAGGG
scaffold_7,540000,0,0,TTTAGGG
scaffold_7,550000,1,1,TTTAGGG
scaffold_7,560000,0,0,TTTAGGG
scaffold_7,570000,0,0,TTTAGGG
scaffold_7,580000,0,0,TTTAGGG
scaffold_7,590000,1,0,TTTAGGG
scaffold_7,600000,0,1,TTTAGGG
scaffold_7,610000,0,0,TTTAGGG
scaffold_7,620000,0,0,TTTAGGG
scaffold_7,630000,0,0,TTTAGGG
scaffold_7,640000,0,0,TTTAGGG
scaffold_7,650000,0,0,TTTAGGG
scaffold_7,660000,0,0,TTTAGGG
scaffold_7,670000,0,0,TTTAGGG
scaffold_7,680000,0,0,TTTAGGG
scaffold_7,690000,0,1,TTTAGGG
scaffold_7,700000,0,1,TTTAGGG
scaffold_7,710000,0,0,TTTAGGG
scaffold_7,720000,0,1,TTTAGGG
scaffold_7,730000,0,0,TTTAGGG
scaffold_7,740000,0,0,TTTAGGG
scaffold_7,750000,0,0,TTTAGGG
scaffold_7,760000,1,0,TTTAGGG
scaffold_7,770000,0,0,TTTAGGG
scaffold_7,780000,0,0,TTTAGGG
scaffold_7,790000,0,0,TTTAGGG
scaffold_7,800000,1,0,TTTAGGG
scaffold_7,810000,1,0,TTTAGGG
scaffold_7,820000,0,0,TTTAGGG
scaffold_7,830000,0,0,TTTAGGG
scaffold_7,840000,0,0,TTTAGGG
scaffold_7,850000,0,0,TTTAGGG
scaffold_7,860000,0,0,TTTAGGG
scaffold_7,870000,0,0,TTTAGGG
scaffold_7,880000,0,0,TTTAGGG
scaffold_7,890000,0,0,TTTAGGG
scaffold_7,900000,0,0,TTTAGGG
scaffold_7,910000,0,1,TTTAGGG
scaffold_7,920000,1,0,TTTAGGG
scaffold_7,930000,0,0,TTTAGGG
scaffold_7,940000,0,0,TTTAGGG
scaffold_7,950000,0,0,TTTAGGG
scaffold_7,960000,0,0,TTTAGGG
scaffold_7,970000,1,1,TTTAGGG
scaffold_7,980000,0,0,TTTAGGG
scaffold_7,990000,2,0,TTTAGGG
scaffold_7,1000000,0,0,TTTAGGG
scaffold_7,1010000,0,0,TTTAGGG
scaffold_7,1020000,1,1,TTTAGGG
scaffold_7,1030000,0,3,TTTAGGG
scaffold_7,1040000,0,0,TTTAGGG
scaffold_7,1050000,0,0,TTTAGGG
scaffold_7,1060000,0,0,TTTAGGG
scaffold_7,1070000,0,1,TTTAGGG
scaffold_7,1080000,0,1,TTTAGGG
scaffold_7,1090000,0,0,TTTAGGG
scaffold_7,1100000,0,0,TTTAGGG
scaffold_7,1110000,0,0,TTTAGGG
scaffold_7,1120000,1,0,TTTAGGG
scaffold_7,1130000,1,1,TTTAGGG
scaffold_7,1140000,0,0,TTTAGGG
scaffold_7,1150000,0,0,TTTAGGG
scaffold_7,1160000,0,1,TTTAGGG
scaffold_7,1170000,0,1,TTTAGGG
scaffold_7,1180000,0,1,TTTAGGG
scaffold_7,1190000,0,0,TTTAGGG
scaffold_7,1200000,0,0,TTTAGGG
scaffold_7,1210000,0,1,TTTAGGG
scaffold_7,1220000,1,0,TTTAGGG
scaffold_7,1230000,1,3,TTTAGGG
scaffold_7,1240000,0,0,TTTAGGG
scaffold_7,1250000,0,0,TTTAGGG
scaffold_7,1260000,1,1,TTTAGGG
scaffold_7,1270000,0,0,TTTAGGG
scaffold_7,1280000,0,0,TTTAGGG
scaffold_7,1290000,0,0,TTTAGGG
scaffold_7,1300000,0,0,TTTAGGG
scaffold_7,1310000,1,0,TTTAGGG
scaffold_7,1320000,0,0,TTTAGGG
scaffold_7,1330000,0,0,TTTAGGG
scaffold_7,1340000,1,0,TTTAGGG
scaffold_7,1350000,1,0,TTTAGGG
scaffold_7,1360000,0,1,TTTAGGG
scaffold_7,1370000,0,0,TTTAGGG
scaffold_7,1380000,0,1,TTTAGGG
scaffold_7,1390000,1,0,TTTAGGG
scaffold_7,1400000,0,0,TTTAGGG
scaffold_7,1410000,0,0,TTTAGGG
scaffold_7,1420000,0,0,TTTAGGG
scaffold_7,1430000,0,1,TTTAGGG
scaffold_7,1440000,1,1,TTTAGGG
scaffold_7,1450000,0,1,TTTAGGG
scaffold_7,1460000,0,0,TTTAGGG
scaffold_7,1470000,0,0,TTTAGGG
scaffold_7,1480000,0,0,TTTAGGG
scaffold_7,1490000,0,0,TTTAGGG
scaffold_7,1500000,1,0,TTTAGGG
scaffold_7,1510000,0,1,TTTAGGG
scaffold_7,1520000,1,0,TTTAGGG
scaffold_7,1530000,0,0,TTTAGGG
scaffold_7,1540000,0,2,TTTAGGG
scaffold_7,1550000,0,0,TTTAGGG
scaffold_7,1560000,0,0,TTTAGGG
scaffold_7,1570000,0,0,TTTAGGG
scaffold_7,1580000,0,0,TTTAGGG
scaffold_7,1590000,0,0,TTTAGGG
scaffold_7,1600000,0,0,TTTAGGG
scaffold_7,1610000,0,2,TTTAGGG
scaffold_7,1620000,0,1,TTTAGGG
scaffold_7,1630000,0,0,TTTAGGG
scaffold_7,1640000,0,1,TTTAGGG
scaffold_7,1650000,0,0,TTTAGGG
scaffold_7,1660000,0,0,TTTAGGG
scaffold_7,1670000,0,0,TTTAGGG
scaffold_7,1680000,0,0,TTTAGGG
scaffold_7,1690000,0,0,TTTAGGG
scaffold_7,1700000,0,1,TTTAGGG
scaffold_7,1710000,0,0,TTTAGGG
scaffold_7,1720000,0,0,TTTAGGG
scaffold_7,1730000,0,0,TTTAGGG
scaffold_7,1740000,0,0,TTTAGGG
scaffold_7,1750000,1,0,TTTAGGG
scaffold_7,1760000,0,0,TTTAGGG
scaffold_7,1770000,0,0,TTTAGGG
scaffold_7,1780000,0,0,TTTAGGG
scaffold_7,1790000,0,0,TTTAGGG
scaffold_7,1800000,0,0,TTTAGGG
scaffold_7,1810000,0,0,TTTAGGG
scaffold_7,1820000,0,0,TTTAGGG
scaffold_7,1830000,0,0,TTTAGGG
scaffold_7,1840000,0,0,TTTAGGG
scaffold_7,1850000,0,0,TTTAGGG
scaffold_7,1860000,0,1,TTTAGGG
scaffold_7,1870000,0,0,TTTAGGG
scaffold_7,1880000,0,1,TTTAGGG
scaffold_7,1890000,0,0,TTTAGGG
scaffold_7,1900000,0,0,TTTAGGG
scaffold_7,1910000,0,0,TTTAGGG
scaffold_7,1920000,0,0,TTTAGGG
scaffold_7,1930000,3,1,TTTAGGG
scaffold_7,1940000,0,0,TTTAGGG
scaffold_7,1950000,0,0,TTTAGGG
scaffold_7,1960000,0,0,TTTAGGG
scaffold_7,1970000,0,2,TTTAGGG
scaffold_7,1980000,0,0,TTTAGGG
scaffold_7,1990000,0,0,TTTAGGG
scaffold_7,2000000,2,0,TTTAGGG
scaffold_7,2010000,0,0,TTTAGGG
scaffold_7,2020000,0,0,TTTAGGG
scaffold_7,2030000,0,1,TTTAGGG
scaffold_7,2040000,0,0,TTTAGGG
scaffold_7,2050000,0,0,TTTAGGG
scaffold_7,2060000,0,0,TTTAGGG
scaffold_7,2070000,0,0,TTTAGGG
scaffold_7,2080000,0,1,TTTAGGG
scaffold_7,2090000,0,0,TTTAGGG
scaffold_7,2100000,1,0,TTTAGGG
scaffold_7,2110000,0,0,TTTAGGG
scaffold_7,2120000,0,0,TTTAGGG
scaffold_7,2130000,1,0,TTTAGGG
scaffold_7,2140000,0,0,TTTAGGG
scaffold_7,2150000,1,1,TTTAGGG
scaffold_7,2160000,2,0,TTTAGGG
scaffold_7,2170000,0,1,TTTAGGG
scaffold_7,2180000,0,0,TTTAGGG
scaffold_7,2190000,1,0,TTTAGGG
scaffold_7,2200000,0,0,TTTAGGG
scaffold_7,2210000,0,0,TTTAGGG
scaffold_7,2220000,1,0,TTTAGGG
scaffold_7,2230000,0,0,TTTAGGG
scaffold_7,2240000,0,0,TTTAGGG
scaffold_7,2250000,0,0,TTTAGGG
scaffold_7,2260000,0,0,TTTAGGG
scaffold_7,2270000,0,0,TTTAGGG
scaffold_7,2280000,1,0,TTTAGGG
scaffold_7,2290000,2,1,TTTAGGG
scaffold_7,2300000,1,0,TTTAGGG
scaffold_7,2310000,0,0,TTTAGGG
scaffold_7,2320000,0,0,TTTAGGG
scaffold_7,2330000,0,0,TTTAGGG
scaffold_7,2340000,0,0,TTTAGGG
scaffold_7,2350000,0,0,TTTAGGG
scaffold_7,2360000,0,1,TTTAGGG
scaffold_7,2370000,0,1,TTTAGGG
scaffold_7,2380000,0,0,TTTAGGG
scaffold_7,2390000,0,0,TTTAGGG
scaffold_7,2400000,1,0,TTTAGGG
scaffold_7,2410000,0,0,TTTAGGG
scaffold_7,2420000,0,0,TTTAGGG
scaffold_7,2430000,1,0,TTTAGGG
scaffold_7,2440000,0,0,TTTAGGG
scaffold_7,2450000,0,0,TTTAGGG
scaffold_7,2460000,0,0,TTTAGGG
scaffold_7,2470000,0,0,TTTAGGG
scaffold_7,2480000,1,1,TTTAGGG
scaffold_7,2490000,1,0,TTTAGGG
scaffold_7,2500000,0,1,TTTAGGG
scaffold_7,2510000,0,0,TTTAGGG
scaffold_7,2520000,0,0,TTTAGGG
scaffold_7,2530000,0,0,TTTAGGG
scaffold_7,2540000,0,0,TTTAGGG
scaffold_7,2550000,0,1,TTTAGGG
scaffold_7,2560000,0,0,TTTAGGG
scaffold_7,2570000,0,1,TTTAGGG
scaffold_7,2580000,1,1,TTTAGGG
scaffold_7,2590000,0,0,TTTAGGG
scaffold_7,2600000,0,0,TTTAGGG
scaffold_7,2610000,0,0,TTTAGGG
scaffold_7,2620000,0,1,TTTAGGG
scaffold_7,2630000,0,1,TTTAGGG
scaffold_7,2640000,1,0,TTTAGGG
scaffold_7,2650000,0,0,TTTAGGG
scaffold_7,2660000,0,0,TTTAGGG
scaffold_7,2670000,0,0,TTTAGGG
scaffold_7,2680000,0,0,TTTAGGG
scaffold_7,2690000,0,0,TTTAGGG
scaffold_7,2700000,1,0,TTTAGGG
scaffold_7,2710000,1,0,TTTAGGG
scaffold_7,2720000,0,2,TTTAGGG
scaffold_7,2730000,0,0,TTTAGGG
scaffold_7,2740000,5,0,TTTAGGG
scaffold_7,2750000,0,0,TTTAGGG
scaffold_7,2760000,0,0,TTTAGGG
scaffold_7,2770000,0,0,TTTAGGG
scaffold_7,2780000,0,0,TTTAGGG
scaffold_7,2790000,0,0,TTTAGGG
scaffold_7,2800000,0,0,TTTAGGG
scaffold_7,2810000,0,1,TTTAGGG
scaffold_7,2820000,0,0,TTTAGGG
scaffold_7,2830000,1,0,TTTAGGG
scaffold_7,2840000,0,0,TTTAGGG
scaffold_7,2850000,1,1,TTTAGGG
scaffold_7,2860000,0,1,TTTAGGG
scaffold_7,2870000,1,1,TTTAGGG
scaffold_7,2880000,0,0,TTTAGGG
scaffold_7,2890000,0,0,TTTAGGG
scaffold_7,2900000,0,1,TTTAGGG
scaffold_8,10000,0,1,TTTAGGG
scaffold_8,20000,0,0,TTTAGGG
scaffold_8,30000,1,1,TTTAGGG
scaffold_8,40000,0,0,TTTAGGG
scaffold_8,50000,0,0,TTTAGGG
scaffold_8,60000,0,1,TTTAGGG
scaffold_8,70000,0,0,TTTAGGG
scaffold_8,80000,0,0,TTTAGGG
scaffold_8,90000,0,1,TTTAGGG
scaffold_8,100000,0,0,TTTAGGG
scaffold_8,110000,0,0,TTTAGGG
scaffold_8,120000,0,0,TTTAGGG
scaffold_8,130000,1,0,TTTAGGG
scaffold_8,140000,1,0,TTTAGGG
scaffold_8,150000,0,0,TTTAGGG
scaffold_8,160000,1,0,TTTAGGG
scaffold_8,170000,0,0,TTTAGGG
scaffold_8,180000,0,1,TTTAGGG
scaffold_8,190000,0,2,TTTAGGG
scaffold_8,200000,0,0,TTTAGGG
scaffold_8,210000,0,0,TTTAGGG
scaffold_8,220000,0,0,TTTAGGG
scaffold_8,230000,0,0,TTTAGGG
scaffold_8,240000,0,0,TTTAGGG
scaffold_8,250000,0,0,TTTAGGG
scaffold_8,260000,0,0,TTTAGGG
scaffold_8,270000,1,3,TTTAGGG
scaffold_8,280000,2,0,TTTAGGG
scaffold_8,290000,2,1,TTTAGGG
scaffold_8,300000,2,0,TTTAGGG
scaffold_8,310000,0,0,TTTAGGG
scaffold_8,320000,0,0,TTTAGGG
scaffold_8,330000,0,0,TTTAGGG
scaffold_8,340000,1,0,TTTAGGG
scaffold_8,350000,0,0,TTTAGGG
scaffold_8,360000,0,1,TTTAGGG
scaffold_8,370000,0,0,TTTAGGG
scaffold_8,380000,0,0,TTTAGGG
scaffold_8,390000,0,1,TTTAGGG
scaffold_8,400000,0,0,TTTAGGG
scaffold_8,410000,0,0,TTTAGGG
scaffold_8,420000,1,0,TTTAGGG
scaffold_8,430000,0,0,TTTAGGG
scaffold_8,440000,0,1,TTTAGGG
scaffold_8,450000,1,0,TTTAGGG
scaffold_8,460000,0,1,TTTAGGG
scaffold_8,470000,0,0,TTTAGGG
scaffold_8,480000,0,0,TTTAGGG
scaffold_8,490000,1,0,TTTAGGG
scaffold_8,500000,0,0,TTTAGGG
scaffold_8,510000,0,0,TTTAGGG
scaffold_8,520000,0,0,TTTAGGG
scaffold_8,530000,0,1,TTTAGGG
scaffold_8,540000,1,1,TTTAGGG
scaffold_8,550000,0,0,TTTAGGG
scaffold_8,560000,0,0,TTTAGGG
scaffold_8,570000,0,1,TTTAGGG
scaffold_8,580000,0,0,TTTAGGG
scaffold_8,590000,1,0,TTTAGGG
scaffold_8,600000,1,0,TTTAGGG
scaffold_8,610000,0,0,TTTAGGG
scaffold_8,620000,0,0,TTTAGGG
scaffold_8,630000,0,0,TTTAGGG
scaffold_8,640000,0,2,TTTAGGG
scaffold_8,650000,0,0,TTTAGGG
scaffold_8,660000,0,0,TTTAGGG
scaffold_8,670000,0,0,TTTAGGG
scaffold_8,680000,0,0,TTTAGGG
scaffold_8,690000,0,0,TTTAGGG
scaffold_8,700000,0,1,TTTAGGG
scaffold_8,710000,0,0,TTTAGGG
scaffold_8,720000,0,0,TTTAGGG
scaffold_8,730000,0,1,TTTAGGG
scaffold_8,740000,0,0,TTTAGGG
scaffold_8,750000,2,0,TTTAGGG
scaffold_8,760000,0,0,TTTAGGG
scaffold_8,770000,0,0,TTTAGGG
scaffold_8,780000,0,0,TTTAGGG
scaffold_8,790000,0,1,TTTAGGG
scaffold_8,800000,0,0,TTTAGGG
scaffold_8,810000,0,0,TTTAGGG
scaffold_8,820000,0,0,TTTAGGG
scaffold_8,830000,0,0,TTTAGGG
scaffold_8,840000,0,0,TTTAGGG
scaffold_8,850000,0,0,TTTAGGG
scaffold_8,860000,0,0,TTTAGGG
scaffold_8,870000,1,1,TTTAGGG
scaffold_8,880000,1,0,TTTAGGG
scaffold_8,890000,0,0,TTTAGGG
scaffold_8,900000,0,0,TTTAGGG
scaffold_8,910000,0,0,TTTAGGG
scaffold_8,920000,0,2,TTTAGGG
scaffold_8,930000,0,1,TTTAGGG
scaffold_8,940000,0,1,TTTAGGG
scaffold_8,950000,0,4,TTTAGGG
scaffold_8,960000,0,0,TTTAGGG
scaffold_8,970000,0,0,TTTAGGG
scaffold_8,980000,1,0,TTTAGGG
scaffold_8,990000,0,0,TTTAGGG
scaffold_8,1000000,0,0,TTTAGGG
scaffold_8,1010000,0,0,TTTAGGG
scaffold_8,1020000,0,0,TTTAGGG
scaffold_8,1030000,0,0,TTTAGGG
scaffold_8,1040000,0,0,TTTAGGG
scaffold_8,1050000,0,0,TTTAGGG
scaffold_8,1060000,0,0,TTTAGGG
scaffold_8,1070000,0,0,TTTAGGG
scaffold_8,1080000,0,0,TTTAGGG
scaffold_8,1090000,0,0,TTTAGGG
scaffold_8,1100000,0,0,TTTAGGG
scaffold_8,1110000,0,0,TTTAGGG
scaffold_8,1120000,0,1,TTTAGGG
scaffold_8,1130000,0,0,TTTAGGG
scaffold_8,1140000,0,0,TTTAGGG
scaffold_8,1150000,1,0,TTTAGGG
scaffold_8,1160000,0,0,TTTAGGG
scaffold_8,1170000,0,0,TTTAGGG
scaffold_8,1180000,0,0,TTTAGGG
scaffold_8,1190000,0,0,TTTAGGG
scaffold_8,1200000,0,0,TTTAGGG
scaffold_8,1210000,10,0,TTTAGGG
scaffold_9,10000,0,10,TTTAGGG
scaffold_9,20000,0,1,TTTAGGG
scaffold_9,30000,1,2,TTTAGGG
scaffold_9,40000,0,0,TTTAGGG
scaffold_9,50000,0,0,TTTAGGG
scaffold_9,60000,0,0,TTTAGGG
scaffold_9,70000,0,0,TTTAGGG
scaffold_9,80000,1,0,TTTAGGG
scaffold_9,90000,0,0,TTTAGGG
scaffold_9,100000,0,0,TTTAGGG
scaffold_9,110000,0,0,TTTAGGG
scaffold_9,120000,0,0,TTTAGGG
scaffold_9,130000,0,0,TTTAGGG
scaffold_9,140000,0,0,TTTAGGG
scaffold_9,150000,0,0,TTTAGGG
scaffold_9,160000,0,0,TTTAGGG
scaffold_9,170000,0,0,TTTAGGG
scaffold_9,180000,0,0,TTTAGGG
scaffold_9,190000,0,0,TTTAGGG
scaffold_9,200000,0,0,TTTAGGG
scaffold_9,210000,0,0,TTTAGGG
scaffold_9,220000,0,0,TTTAGGG
scaffold_9,230000,0,1,TTTAGGG
scaffold_9,240000,0,0,TTTAGGG
scaffold_9,250000,2,0,TTTAGGG
scaffold_9,260000,0,0,TTTAGGG
scaffold_10,10000,1,1,TTTAGGG
scaffold_11,10000,0,0,TTTAGGG
scaffold_12,10000,0,0,TTTAGGG
scaffold_13,10000,0,0,TTTAGGG
scaffold_14,10000,0,0,TTTAGGG
scaffold_15,10000,0,0,TTTAGGG
scaffold_16,10000,0,0,TTTAGGG
scaffold_17,10000,0,0,TTTAGGG
scaffold_18,10000,0,0,TTTAGGG
scaffold_19,10000,0,0,TTTAGGG
scaffold_20,10000,0,0,TTTAGGG
scaffold_21,10000,0,0,TTTAGGG
scaffold_22,10000,0,0,TTTAGGG
scaffold_23,10000,0,0,TTTAGGG
scaffold_24,10000,0,1,TTTAGGG
scaffold_25,10000,0,0,TTTAGGG
scaffold_26,10000,0,0,TTTAGGG
scaffold_27,10000,0,0,TTTAGGG
scaffold_28,10000,0,0,TTTAGGG
scaffold_29,10000,0,0,TTTAGGG
scaffold_30,10000,0,0,TTTAGGG
scaffold_31,10000,0,0,TTTAGGG
scaffold_32,10000,0,0,TTTAGGG
scaffold_33,10000,0,0,TTTAGGG
scaffold_34,10000,0,0,TTTAGGG
scaffold_35,10000,0,0,TTTAGGG
scaffold_36,10000,0,0,TTTAGGG
scaffold_37,10000,0,0,TTTAGGG
scaffold_38,10000,0,0,TTTAGGG
scaffold_39,10000,0,0,TTTAGGG
scaffold_40,10000,0,0,TTTAGGG
scaffold_41,10000,0,0,TTTAGGG
scaffold_42,10000,0,0,TTTAGGG
scaffold_43,10000,0,0,TTTAGGG
scaffold_44,10000,0,0,TTTAGGG
scaffold_45,10000,0,0,TTTAGGG
